Date,Month,Year,Quarter,Day_of_Week,Product,Units_Produced,Units_Sold,Wastage_Units,Raw_Material_Cost_INR,Revenue_INR,Profit_INR,Profit_Margin_Pct
2022-01-01,January,2022,Q1,Saturday,Cookies,189,157,27,1547.08,2355,807.92,34.31
2022-01-01,January,2022,Q1,Saturday,Bread,132,124,8,1529.51,2728,1198.49,43.93
2022-01-01,January,2022,Q1,Saturday,Rusk,147,127,20,890.92,1524,633.08,41.54
2022-01-03,January,2022,Q1,Monday,Cookies,168,155,8,1407.16,2325,917.84,39.48
2022-01-03,January,2022,Q1,Monday,Bread,115,105,8,1336.09,2310,973.91,42.16
2022-01-03,January,2022,Q1,Monday,Rusk,126,115,10,757.87,1380,622.13,45.08
2022-01-04,January,2022,Q1,Tuesday,Cookies,159,146,12,1286.23,2190,903.77,41.27
2022-01-04,January,2022,Q1,Tuesday,Bread,100,92,7,1183.96,2024,840.04,41.5
2022-01-04,January,2022,Q1,Tuesday,Rusk,133,111,17,774.03,1332,557.97,41.89
2022-01-05,January,2022,Q1,Wednesday,Cookies,162,145,17,1237.22,2175,937.78,43.12
2022-01-05,January,2022,Q1,Wednesday,Bread,110,98,7,1262.59,2156,893.41,41.44
2022-01-05,January,2022,Q1,Wednesday,Rusk,147,121,21,909.2,1452,542.8,37.38
2022-01-06,January,2022,Q1,Thursday,Cookies,155,142,9,1262.84,2130,867.16,40.71
2022-01-06,January,2022,Q1,Thursday,Bread,106,100,6,1271.39,2200,928.61,42.21
2022-01-06,January,2022,Q1,Thursday,Rusk,122,101,17,714.34,1212,497.66,41.06
2022-01-07,January,2022,Q1,Friday,Cookies,200,181,16,1603.21,2715,1111.79,40.95
2022-01-07,January,2022,Q1,Friday,Bread,130,122,8,1633.26,2684,1050.74,39.15
2022-01-07,January,2022,Q1,Friday,Rusk,170,146,24,1060.27,1752,691.73,39.48
2022-01-08,January,2022,Q1,Saturday,Cookies,198,170,28,1518.82,2550,1031.18,40.44
2022-01-08,January,2022,Q1,Saturday,Bread,121,114,6,1426.64,2508,1081.36,43.12
2022-01-08,January,2022,Q1,Saturday,Rusk,158,145,12,979.16,1740,760.84,43.73
2022-01-10,January,2022,Q1,Monday,Cookies,157,141,12,1261.36,2115,853.64,40.36
2022-01-10,January,2022,Q1,Monday,Bread,100,83,13,1148.95,1826,677.05,37.08
2022-01-10,January,2022,Q1,Monday,Rusk,148,130,18,861.25,1560,698.75,44.79
2022-01-11,January,2022,Q1,Tuesday,Cookies,145,122,19,1184.0,1830,646.0,35.3
2022-01-11,January,2022,Q1,Tuesday,Bread,112,97,14,1286.75,2134,847.25,39.7
2022-01-11,January,2022,Q1,Tuesday,Rusk,131,118,8,814.54,1416,601.46,42.48
2022-01-12,January,2022,Q1,Wednesday,Cookies,165,147,13,1262.39,2205,942.61,42.75
2022-01-12,January,2022,Q1,Wednesday,Bread,103,90,8,1264.38,1980,715.62,36.14
2022-01-12,January,2022,Q1,Wednesday,Rusk,138,115,19,825.7,1380,554.3,40.17
2022-01-13,January,2022,Q1,Thursday,Cookies,149,128,18,1223.09,1920,696.91,36.3
2022-01-13,January,2022,Q1,Thursday,Bread,109,95,13,1307.19,2090,782.81,37.46
2022-01-13,January,2022,Q1,Thursday,Rusk,135,120,12,771.56,1440,668.44,46.42
2022-01-14,January,2022,Q1,Friday,Cookies,179,166,9,1451.53,2490,1038.47,41.71
2022-01-14,January,2022,Q1,Friday,Bread,124,110,12,1548.65,2420,871.35,36.01
2022-01-14,January,2022,Q1,Friday,Rusk,153,140,13,941.46,1680,738.54,43.96
2022-01-15,January,2022,Q1,Saturday,Cookies,183,172,10,1433.22,2580,1146.78,44.45
2022-01-15,January,2022,Q1,Saturday,Bread,120,98,17,1484.37,2156,671.63,31.15
2022-01-15,January,2022,Q1,Saturday,Rusk,166,141,22,1026.25,1692,665.75,39.35
2022-01-17,January,2022,Q1,Monday,Cookies,151,128,21,1212.75,1920,707.25,36.84
2022-01-17,January,2022,Q1,Monday,Bread,114,97,15,1343.1,2134,790.9,37.06
2022-01-17,January,2022,Q1,Monday,Rusk,124,114,9,738.58,1368,629.42,46.01
2022-01-18,January,2022,Q1,Tuesday,Cookies,172,148,23,1308.16,2220,911.84,41.07
2022-01-18,January,2022,Q1,Tuesday,Bread,108,97,9,1259.99,2134,874.01,40.96
2022-01-18,January,2022,Q1,Tuesday,Rusk,124,114,10,776.95,1368,591.05,43.21
2022-01-19,January,2022,Q1,Wednesday,Cookies,156,141,15,1273.34,2115,841.66,39.79
2022-01-19,January,2022,Q1,Wednesday,Bread,105,87,15,1318.27,1914,595.73,31.12
2022-01-19,January,2022,Q1,Wednesday,Rusk,128,116,12,752.71,1392,639.29,45.93
2022-01-20,January,2022,Q1,Thursday,Cookies,155,145,8,1253.59,2175,921.41,42.36
2022-01-20,January,2022,Q1,Thursday,Bread,108,101,5,1267.31,2222,954.69,42.97
2022-01-20,January,2022,Q1,Thursday,Rusk,146,132,10,844.89,1584,739.11,46.66
2022-01-21,January,2022,Q1,Friday,Cookies,193,163,28,1504.17,2445,940.83,38.48
2022-01-21,January,2022,Q1,Friday,Bread,134,118,16,1565.81,2596,1030.19,39.68
2022-01-21,January,2022,Q1,Friday,Rusk,169,150,14,1027.42,1800,772.58,42.92
2022-01-22,January,2022,Q1,Saturday,Cookies,199,176,20,1526.77,2640,1113.23,42.17
2022-01-22,January,2022,Q1,Saturday,Bread,138,123,11,1604.09,2706,1101.91,40.72
2022-01-22,January,2022,Q1,Saturday,Rusk,147,131,16,897.66,1572,674.34,42.9
2022-01-24,January,2022,Q1,Monday,Cookies,146,129,14,1136.05,1935,798.95,41.29
2022-01-24,January,2022,Q1,Monday,Bread,111,104,7,1357.43,2288,930.57,40.67
2022-01-24,January,2022,Q1,Monday,Rusk,131,109,18,757.51,1308,550.49,42.09
2022-01-25,January,2022,Q1,Tuesday,Cookies,156,145,9,1301.0,2175,874.0,40.18
2022-01-25,January,2022,Q1,Tuesday,Bread,116,103,8,1414.27,2266,851.73,37.59
2022-01-25,January,2022,Q1,Tuesday,Rusk,143,124,15,860.54,1488,627.46,42.17
2022-01-26,January,2022,Q1,Wednesday,Cookies,153,142,9,1272.62,2130,857.38,40.25
2022-01-26,January,2022,Q1,Wednesday,Bread,116,99,13,1369.59,2178,808.41,37.12
2022-01-26,January,2022,Q1,Wednesday,Rusk,130,114,15,810.97,1368,557.03,40.72
2022-01-27,January,2022,Q1,Thursday,Cookies,174,147,22,1411.77,2205,793.23,35.97
2022-01-27,January,2022,Q1,Thursday,Bread,99,93,6,1235.35,2046,810.65,39.62
2022-01-27,January,2022,Q1,Thursday,Rusk,137,131,6,789.24,1572,782.76,49.79
2022-01-28,January,2022,Q1,Friday,Cookies,200,185,10,1545.73,2775,1229.27,44.3
2022-01-28,January,2022,Q1,Friday,Bread,130,114,15,1583.71,2508,924.29,36.85
2022-01-28,January,2022,Q1,Friday,Rusk,153,133,18,893.88,1596,702.12,43.99
2022-01-29,January,2022,Q1,Saturday,Cookies,187,164,23,1518.39,2460,941.61,38.28
2022-01-29,January,2022,Q1,Saturday,Bread,138,122,15,1667.31,2684,1016.69,37.88
2022-01-29,January,2022,Q1,Saturday,Rusk,148,136,12,867.15,1632,764.85,46.87
2022-01-31,January,2022,Q1,Monday,Cookies,153,128,22,1210.92,1920,709.08,36.93
2022-01-31,January,2022,Q1,Monday,Bread,116,101,13,1433.04,2222,788.96,35.51
2022-01-31,January,2022,Q1,Monday,Rusk,135,118,14,809.39,1416,606.61,42.84
2022-02-01,February,2022,Q1,Tuesday,Cookies,112,94,13,876.36,1410,533.64,37.85
2022-02-01,February,2022,Q1,Tuesday,Bread,72,62,8,836.1,1364,527.9,38.7
2022-02-01,February,2022,Q1,Tuesday,Rusk,108,92,15,674.88,1104,429.12,38.87
2022-02-02,February,2022,Q1,Wednesday,Cookies,116,109,5,967.75,1635,667.25,40.81
2022-02-02,February,2022,Q1,Wednesday,Bread,78,65,11,979.39,1430,450.61,31.51
2022-02-02,February,2022,Q1,Wednesday,Rusk,107,98,8,634.62,1176,541.38,46.04
2022-02-03,February,2022,Q1,Thursday,Cookies,128,113,10,990.16,1695,704.84,41.58
2022-02-03,February,2022,Q1,Thursday,Bread,80,67,11,978.82,1474,495.18,33.59
2022-02-03,February,2022,Q1,Thursday,Rusk,101,90,6,612.97,1080,467.03,43.24
2022-02-04,February,2022,Q1,Friday,Cookies,158,143,10,1266.32,2145,878.68,40.96
2022-02-04,February,2022,Q1,Friday,Bread,103,86,12,1260.35,1892,631.65,33.39
2022-02-04,February,2022,Q1,Friday,Rusk,124,114,10,728.64,1368,639.36,46.74
2022-02-05,February,2022,Q1,Saturday,Cookies,152,129,19,1260.64,1935,674.36,34.85
2022-02-05,February,2022,Q1,Saturday,Bread,103,88,10,1236.19,1936,699.81,36.15
2022-02-05,February,2022,Q1,Saturday,Rusk,127,112,14,777.39,1344,566.61,42.16
2022-02-07,February,2022,Q1,Monday,Cookies,127,106,17,999.54,1590,590.46,37.14
2022-02-07,February,2022,Q1,Monday,Bread,78,69,4,943.33,1518,574.67,37.86
2022-02-07,February,2022,Q1,Monday,Rusk,90,81,8,542.3,972,429.7,44.21
2022-02-08,February,2022,Q1,Tuesday,Cookies,114,101,12,869.18,1515,645.82,42.63
2022-02-08,February,2022,Q1,Tuesday,Bread,72,60,9,851.92,1320,468.08,35.46
2022-02-08,February,2022,Q1,Tuesday,Rusk,92,80,9,566.9,960,393.1,40.95
2022-02-09,February,2022,Q1,Wednesday,Cookies,113,99,12,866.52,1485,618.48,41.65
2022-02-09,February,2022,Q1,Wednesday,Bread,72,60,7,867.51,1320,452.49,34.28
2022-02-09,February,2022,Q1,Wednesday,Rusk,102,85,12,641.12,1020,378.88,37.15
2022-02-10,February,2022,Q1,Thursday,Cookies,120,107,9,988.34,1605,616.66,38.42
2022-02-10,February,2022,Q1,Thursday,Bread,76,68,7,873.56,1496,622.44,41.61
2022-02-10,February,2022,Q1,Thursday,Rusk,90,72,13,558.14,864,305.86,35.4
2022-02-11,February,2022,Q1,Friday,Cookies,149,134,13,1153.06,2010,856.94,42.63
2022-02-11,February,2022,Q1,Friday,Bread,89,83,6,1073.26,1826,752.74,41.22
2022-02-11,February,2022,Q1,Friday,Rusk,125,110,14,733.5,1320,586.5,44.43
2022-02-12,February,2022,Q1,Saturday,Cookies,157,138,19,1262.83,2070,807.17,38.99
2022-02-12,February,2022,Q1,Saturday,Bread,98,87,9,1146.33,1914,767.67,40.11
2022-02-12,February,2022,Q1,Saturday,Rusk,116,99,14,662.2,1188,525.8,44.26
2022-02-14,February,2022,Q1,Monday,Cookies,110,102,6,839.58,1530,690.42,45.13
2022-02-14,February,2022,Q1,Monday,Bread,85,75,10,1017.37,1650,632.63,38.34
2022-02-14,February,2022,Q1,Monday,Rusk,91,81,9,544.55,972,427.45,43.98
2022-02-15,February,2022,Q1,Tuesday,Cookies,112,98,10,886.91,1470,583.09,39.67
2022-02-15,February,2022,Q1,Tuesday,Bread,81,67,9,927.8,1474,546.2,37.06
2022-02-15,February,2022,Q1,Tuesday,Rusk,97,85,10,582.18,1020,437.82,42.92
2022-02-16,February,2022,Q1,Wednesday,Cookies,128,113,14,989.48,1695,705.52,41.62
2022-02-16,February,2022,Q1,Wednesday,Bread,73,60,8,834.52,1320,485.48,36.78
2022-02-16,February,2022,Q1,Wednesday,Rusk,101,84,14,610.57,1008,397.43,39.43
2022-02-17,February,2022,Q1,Thursday,Cookies,117,101,13,932.09,1515,582.91,38.48
2022-02-17,February,2022,Q1,Thursday,Bread,80,64,11,949.07,1408,458.93,32.59
2022-02-17,February,2022,Q1,Thursday,Rusk,109,91,15,634.1,1092,457.9,41.93
2022-02-18,February,2022,Q1,Friday,Cookies,131,123,7,997.51,1845,847.49,45.93
2022-02-18,February,2022,Q1,Friday,Bread,88,76,10,1010.72,1672,661.28,39.55
2022-02-18,February,2022,Q1,Friday,Rusk,115,99,15,657.11,1188,530.89,44.69
2022-02-19,February,2022,Q1,Saturday,Cookies,153,141,11,1177.26,2115,937.74,44.34
2022-02-19,February,2022,Q1,Saturday,Bread,99,83,11,1232.84,1826,593.16,32.48
2022-02-19,February,2022,Q1,Saturday,Rusk,125,105,16,733.65,1260,526.35,41.77
2022-02-21,February,2022,Q1,Monday,Cookies,112,94,14,923.49,1410,486.51,34.5
2022-02-21,February,2022,Q1,Monday,Bread,87,78,7,1030.64,1716,685.36,39.94
2022-02-21,February,2022,Q1,Monday,Rusk,105,92,8,657.14,1104,446.86,40.48
2022-02-22,February,2022,Q1,Tuesday,Cookies,128,113,11,1049.69,1695,645.31,38.07
2022-02-22,February,2022,Q1,Tuesday,Bread,84,76,5,1048.58,1672,623.42,37.29
2022-02-22,February,2022,Q1,Tuesday,Rusk,100,83,13,589.2,996,406.8,40.84
2022-02-23,February,2022,Q1,Wednesday,Cookies,129,115,11,981.52,1725,743.48,43.1
2022-02-23,February,2022,Q1,Wednesday,Bread,86,79,5,1013.35,1738,724.65,41.69
2022-02-23,February,2022,Q1,Wednesday,Rusk,109,93,15,658.8,1116,457.2,40.97
2022-02-24,February,2022,Q1,Thursday,Cookies,123,111,11,963.65,1665,701.35,42.12
2022-02-24,February,2022,Q1,Thursday,Bread,77,64,9,947.32,1408,460.68,32.72
2022-02-24,February,2022,Q1,Thursday,Rusk,105,89,13,604.25,1068,463.75,43.42
2022-02-25,February,2022,Q1,Friday,Cookies,143,136,7,1149.67,2040,890.33,43.64
2022-02-25,February,2022,Q1,Friday,Bread,94,81,13,1111.18,1782,670.82,37.64
2022-02-25,February,2022,Q1,Friday,Rusk,110,103,7,677.26,1236,558.74,45.21
2022-02-26,February,2022,Q1,Saturday,Cookies,147,138,8,1127.09,2070,942.91,45.55
2022-02-26,February,2022,Q1,Saturday,Bread,99,89,5,1226.24,1958,731.76,37.37
2022-02-26,February,2022,Q1,Saturday,Rusk,124,116,7,713.11,1392,678.89,48.77
2022-02-28,February,2022,Q1,Monday,Cookies,131,115,11,1034.44,1725,690.56,40.03
2022-02-28,February,2022,Q1,Monday,Bread,85,70,12,1069.57,1540,470.43,30.55
2022-02-28,February,2022,Q1,Monday,Rusk,105,92,9,603.76,1104,500.24,45.31
2022-03-01,March,2022,Q1,Tuesday,Cookies,126,113,13,1000.36,1695,694.64,40.98
2022-03-01,March,2022,Q1,Tuesday,Bread,86,78,5,1031.24,1716,684.76,39.9
2022-03-01,March,2022,Q1,Tuesday,Rusk,90,79,8,516.04,948,431.96,45.57
2022-03-02,March,2022,Q1,Wednesday,Cookies,110,100,6,893.13,1500,606.87,40.46
2022-03-02,March,2022,Q1,Wednesday,Bread,83,72,8,1042.03,1584,541.97,34.22
2022-03-02,March,2022,Q1,Wednesday,Rusk,97,86,7,603.45,1032,428.55,41.53
2022-03-03,March,2022,Q1,Thursday,Cookies,113,95,16,859.9,1425,565.1,39.66
2022-03-03,March,2022,Q1,Thursday,Bread,87,79,4,1084.84,1738,653.16,37.58
2022-03-03,March,2022,Q1,Thursday,Rusk,100,86,14,574.43,1032,457.57,44.34
2022-03-04,March,2022,Q1,Friday,Cookies,145,119,21,1162.68,1785,622.32,34.86
2022-03-04,March,2022,Q1,Friday,Bread,98,82,11,1170.65,1804,633.35,35.11
2022-03-04,March,2022,Q1,Friday,Rusk,123,110,13,767.61,1320,552.39,41.85
2022-03-05,March,2022,Q1,Saturday,Cookies,130,115,10,1086.84,1725,638.16,36.99
2022-03-05,March,2022,Q1,Saturday,Bread,103,90,9,1250.85,1980,729.15,36.83
2022-03-05,March,2022,Q1,Saturday,Rusk,114,105,7,681.52,1260,578.48,45.91
2022-03-07,March,2022,Q1,Monday,Cookies,116,99,12,888.81,1485,596.19,40.15
2022-03-07,March,2022,Q1,Monday,Bread,87,73,12,1064.69,1606,541.31,33.71
2022-03-07,March,2022,Q1,Monday,Rusk,100,92,8,618.83,1104,485.17,43.95
2022-03-08,March,2022,Q1,Tuesday,Cookies,124,114,8,1032.76,1710,677.24,39.6
2022-03-08,March,2022,Q1,Tuesday,Bread,85,70,12,1043.02,1540,496.98,32.27
2022-03-08,March,2022,Q1,Tuesday,Rusk,102,92,9,638.48,1104,465.52,42.17
2022-03-09,March,2022,Q1,Wednesday,Cookies,128,119,6,975.5,1785,809.5,45.35
2022-03-09,March,2022,Q1,Wednesday,Bread,78,68,10,981.61,1496,514.39,34.38
2022-03-09,March,2022,Q1,Wednesday,Rusk,93,78,10,551.35,936,384.65,41.1
2022-03-10,March,2022,Q1,Thursday,Cookies,131,109,17,1083.46,1635,551.54,33.73
2022-03-10,March,2022,Q1,Thursday,Bread,79,70,7,926.52,1540,613.48,39.84
2022-03-10,March,2022,Q1,Thursday,Rusk,91,75,12,563.08,900,336.92,37.44
2022-03-11,March,2022,Q1,Friday,Cookies,158,134,23,1271.01,2010,738.99,36.77
2022-03-11,March,2022,Q1,Friday,Bread,101,83,14,1254.38,1826,571.62,31.3
2022-03-11,March,2022,Q1,Friday,Rusk,113,103,10,652.86,1236,583.14,47.18
2022-03-12,March,2022,Q1,Saturday,Cookies,157,135,17,1221.92,2025,803.08,39.66
2022-03-12,March,2022,Q1,Saturday,Bread,99,86,11,1171.15,1892,720.85,38.1
2022-03-12,March,2022,Q1,Saturday,Rusk,110,93,12,661.34,1116,454.66,40.74
2022-03-14,March,2022,Q1,Monday,Cookies,126,110,12,1043.5,1650,606.5,36.76
2022-03-14,March,2022,Q1,Monday,Bread,80,68,8,996.16,1496,499.84,33.41
2022-03-14,March,2022,Q1,Monday,Rusk,98,91,6,560.29,1092,531.71,48.69
2022-03-15,March,2022,Q1,Tuesday,Cookies,126,111,14,1028.57,1665,636.43,38.22
2022-03-15,March,2022,Q1,Tuesday,Bread,75,69,4,856.31,1518,661.69,43.59
2022-03-15,March,2022,Q1,Tuesday,Rusk,97,86,10,575.73,1032,456.27,44.21
2022-03-16,March,2022,Q1,Wednesday,Cookies,118,98,16,929.68,1470,540.32,36.76
2022-03-16,March,2022,Q1,Wednesday,Bread,80,66,10,950.07,1452,501.93,34.57
2022-03-16,March,2022,Q1,Wednesday,Rusk,102,89,13,639.51,1068,428.49,40.12
2022-03-17,March,2022,Q1,Thursday,Cookies,111,92,15,887.3,1380,492.7,35.7
2022-03-17,March,2022,Q1,Thursday,Bread,76,67,7,955.78,1474,518.22,35.16
2022-03-17,March,2022,Q1,Thursday,Rusk,99,88,8,601.92,1056,454.08,43.0
2022-03-18,March,2022,Q1,Friday,Cookies,136,129,7,1047.62,1935,887.38,45.86
2022-03-18,March,2022,Q1,Friday,Bread,88,83,5,1017.86,1826,808.14,44.26
2022-03-18,March,2022,Q1,Friday,Rusk,123,113,8,726.61,1356,629.39,46.42
2022-03-19,March,2022,Q1,Saturday,Cookies,155,138,15,1260.78,2070,809.22,39.09
2022-03-19,March,2022,Q1,Saturday,Bread,89,82,6,1018.96,1804,785.04,43.52
2022-03-19,March,2022,Q1,Saturday,Rusk,112,104,8,650.3,1248,597.7,47.89
2022-03-21,March,2022,Q1,Monday,Cookies,110,103,6,876.55,1545,668.45,43.27
2022-03-21,March,2022,Q1,Monday,Bread,75,65,6,900.31,1430,529.69,37.04
2022-03-21,March,2022,Q1,Monday,Rusk,103,98,5,636.5,1176,539.5,45.88
2022-03-22,March,2022,Q1,Tuesday,Cookies,123,116,7,1020.76,1740,719.24,41.34
2022-03-22,March,2022,Q1,Tuesday,Bread,86,77,4,1008.97,1694,685.03,40.44
2022-03-22,March,2022,Q1,Tuesday,Rusk,106,90,13,615.94,1080,464.06,42.97
2022-03-23,March,2022,Q1,Wednesday,Cookies,113,104,9,902.6,1560,657.4,42.14
2022-03-23,March,2022,Q1,Wednesday,Bread,81,70,7,968.36,1540,571.64,37.12
2022-03-23,March,2022,Q1,Wednesday,Rusk,104,98,5,608.55,1176,567.45,48.25
2022-03-24,March,2022,Q1,Thursday,Cookies,125,107,17,1001.17,1605,603.83,37.62
2022-03-24,March,2022,Q1,Thursday,Bread,80,71,4,954.95,1562,607.05,38.86
2022-03-24,March,2022,Q1,Thursday,Rusk,100,90,7,586.15,1080,493.85,45.73
2022-03-25,March,2022,Q1,Friday,Cookies,140,129,7,1100.07,1935,834.93,43.15
2022-03-25,March,2022,Q1,Friday,Bread,90,82,7,1038.93,1804,765.07,42.41
2022-03-25,March,2022,Q1,Friday,Rusk,129,113,14,787.86,1356,568.14,41.9
2022-03-26,March,2022,Q1,Saturday,Cookies,152,133,15,1165.77,1995,829.23,41.57
2022-03-26,March,2022,Q1,Saturday,Bread,96,82,10,1180.27,1804,623.73,34.57
2022-03-26,March,2022,Q1,Saturday,Rusk,118,108,7,692.69,1296,603.31,46.55
2022-03-28,March,2022,Q1,Monday,Cookies,116,102,13,934.57,1530,595.43,38.92
2022-03-28,March,2022,Q1,Monday,Bread,77,62,11,933.77,1364,430.23,31.54
2022-03-28,March,2022,Q1,Monday,Rusk,94,84,5,544.42,1008,463.58,45.99
2022-03-29,March,2022,Q1,Tuesday,Cookies,113,101,7,875.67,1515,639.33,42.2
2022-03-29,March,2022,Q1,Tuesday,Bread,76,70,5,948.19,1540,591.81,38.43
2022-03-29,March,2022,Q1,Tuesday,Rusk,91,77,9,541.11,924,382.89,41.44
2022-03-30,March,2022,Q1,Wednesday,Cookies,131,121,8,1037.3,1815,777.7,42.85
2022-03-30,March,2022,Q1,Wednesday,Bread,87,73,11,1077.1,1606,528.9,32.93
2022-03-30,March,2022,Q1,Wednesday,Rusk,95,84,6,579.61,1008,428.39,42.5
2022-03-31,March,2022,Q1,Thursday,Cookies,130,112,13,1047.45,1680,632.55,37.65
2022-03-31,March,2022,Q1,Thursday,Bread,76,65,9,883.46,1430,546.54,38.22
2022-03-31,March,2022,Q1,Thursday,Rusk,96,85,8,576.44,1020,443.56,43.49
2022-04-01,April,2022,Q2,Friday,Cookies,136,124,8,1100.04,1860,759.96,40.86
2022-04-01,April,2022,Q2,Friday,Bread,91,79,9,1054.26,1738,683.74,39.34
2022-04-01,April,2022,Q2,Friday,Rusk,119,107,12,682.0,1284,602.0,46.88
2022-04-02,April,2022,Q2,Saturday,Cookies,139,130,8,1063.45,1950,886.55,45.46
2022-04-02,April,2022,Q2,Saturday,Bread,105,96,8,1299.04,2112,812.96,38.49
2022-04-02,April,2022,Q2,Saturday,Rusk,114,101,13,701.8,1212,510.2,42.1
2022-04-04,April,2022,Q2,Monday,Cookies,122,109,11,967.4,1635,667.6,40.83
2022-04-04,April,2022,Q2,Monday,Bread,77,66,11,954.55,1452,497.45,34.26
2022-04-04,April,2022,Q2,Monday,Rusk,109,99,6,669.1,1188,518.9,43.68
2022-04-05,April,2022,Q2,Tuesday,Cookies,130,118,8,994.92,1770,775.08,43.79
2022-04-05,April,2022,Q2,Tuesday,Bread,83,74,8,1030.05,1628,597.95,36.73
2022-04-05,April,2022,Q2,Tuesday,Rusk,92,77,11,535.53,924,388.47,42.04
2022-04-06,April,2022,Q2,Wednesday,Cookies,111,103,7,915.93,1545,629.07,40.72
2022-04-06,April,2022,Q2,Wednesday,Bread,82,74,8,970.11,1628,657.89,40.41
2022-04-06,April,2022,Q2,Wednesday,Rusk,107,98,9,662.33,1176,513.67,43.68
2022-04-07,April,2022,Q2,Thursday,Cookies,118,103,10,940.48,1545,604.52,39.13
2022-04-07,April,2022,Q2,Thursday,Bread,76,62,9,912.25,1364,451.75,33.12
2022-04-07,April,2022,Q2,Thursday,Rusk,94,81,13,557.45,972,414.55,42.65
2022-04-08,April,2022,Q2,Friday,Cookies,145,124,20,1174.41,1860,685.59,36.86
2022-04-08,April,2022,Q2,Friday,Bread,88,76,12,1069.49,1672,602.51,36.04
2022-04-08,April,2022,Q2,Friday,Rusk,116,109,7,716.46,1308,591.54,45.22
2022-04-09,April,2022,Q2,Saturday,Cookies,147,130,15,1222.32,1950,727.68,37.32
2022-04-09,April,2022,Q2,Saturday,Bread,101,95,6,1189.18,2090,900.82,43.1
2022-04-09,April,2022,Q2,Saturday,Rusk,113,95,14,646.37,1140,493.63,43.3
2022-04-11,April,2022,Q2,Monday,Cookies,121,105,15,1004.47,1575,570.53,36.22
2022-04-11,April,2022,Q2,Monday,Bread,77,65,10,888.02,1430,541.98,37.9
2022-04-11,April,2022,Q2,Monday,Rusk,106,95,6,629.47,1140,510.53,44.78
2022-04-12,April,2022,Q2,Tuesday,Cookies,127,116,8,988.49,1740,751.51,43.19
2022-04-12,April,2022,Q2,Tuesday,Bread,83,72,10,1010.06,1584,573.94,36.23
2022-04-12,April,2022,Q2,Tuesday,Rusk,103,89,10,602.66,1068,465.34,43.57
2022-04-13,April,2022,Q2,Wednesday,Cookies,116,108,7,965.9,1620,654.1,40.38
2022-04-13,April,2022,Q2,Wednesday,Bread,81,69,7,968.31,1518,549.69,36.21
2022-04-13,April,2022,Q2,Wednesday,Rusk,108,97,7,653.59,1164,510.41,43.85
2022-04-14,April,2022,Q2,Thursday,Cookies,120,103,13,913.74,1545,631.26,40.86
2022-04-14,April,2022,Q2,Thursday,Bread,85,70,12,1026.64,1540,513.36,33.34
2022-04-14,April,2022,Q2,Thursday,Rusk,103,88,14,630.81,1056,425.19,40.26
2022-04-15,April,2022,Q2,Friday,Cookies,133,116,14,1075.35,1740,664.65,38.2
2022-04-15,April,2022,Q2,Friday,Bread,94,80,11,1177.0,1760,583.0,33.12
2022-04-15,April,2022,Q2,Friday,Rusk,130,117,12,749.83,1404,654.17,46.59
2022-04-16,April,2022,Q2,Saturday,Cookies,157,136,21,1208.86,2040,831.14,40.74
2022-04-16,April,2022,Q2,Saturday,Bread,104,90,14,1250.35,1980,729.65,36.85
2022-04-16,April,2022,Q2,Saturday,Rusk,122,107,10,699.41,1284,584.59,45.53
2022-04-18,April,2022,Q2,Monday,Cookies,116,98,15,882.03,1470,587.97,40.0
2022-04-18,April,2022,Q2,Monday,Bread,77,69,6,927.46,1518,590.54,38.9
2022-04-18,April,2022,Q2,Monday,Rusk,108,96,9,638.08,1152,513.92,44.61
2022-04-19,April,2022,Q2,Tuesday,Cookies,125,111,11,972.46,1665,692.54,41.59
2022-04-19,April,2022,Q2,Tuesday,Bread,79,71,5,917.32,1562,644.68,41.27
2022-04-19,April,2022,Q2,Tuesday,Rusk,99,85,9,618.64,1020,401.36,39.35
2022-04-20,April,2022,Q2,Wednesday,Cookies,116,104,12,940.27,1560,619.73,39.73
2022-04-20,April,2022,Q2,Wednesday,Bread,72,59,8,836.18,1298,461.82,35.58
2022-04-20,April,2022,Q2,Wednesday,Rusk,109,97,7,648.42,1164,515.58,44.29
2022-04-21,April,2022,Q2,Thursday,Cookies,110,89,16,880.19,1335,454.81,34.07
2022-04-21,April,2022,Q2,Thursday,Bread,81,77,4,996.3,1694,697.7,41.19
2022-04-21,April,2022,Q2,Thursday,Rusk,94,81,13,547.37,972,424.63,43.69
2022-04-22,April,2022,Q2,Friday,Cookies,135,125,7,1076.98,1875,798.02,42.56
2022-04-22,April,2022,Q2,Friday,Bread,97,87,5,1196.07,1914,717.93,37.51
2022-04-22,April,2022,Q2,Friday,Rusk,118,104,12,703.81,1248,544.19,43.6
2022-04-23,April,2022,Q2,Saturday,Cookies,141,127,14,1089.11,1905,815.89,42.83
2022-04-23,April,2022,Q2,Saturday,Bread,89,76,12,1115.65,1672,556.35,33.27
2022-04-23,April,2022,Q2,Saturday,Rusk,116,107,8,706.02,1284,577.98,45.01
2022-04-25,April,2022,Q2,Monday,Cookies,117,110,6,903.82,1650,746.18,45.22
2022-04-25,April,2022,Q2,Monday,Bread,83,70,9,948.9,1540,591.1,38.38
2022-04-25,April,2022,Q2,Monday,Rusk,94,85,6,573.69,1020,446.31,43.76
2022-04-26,April,2022,Q2,Tuesday,Cookies,108,101,6,889.91,1515,625.09,41.26
2022-04-26,April,2022,Q2,Tuesday,Bread,74,63,8,864.75,1386,521.25,37.61
2022-04-26,April,2022,Q2,Tuesday,Rusk,91,84,6,558.14,1008,449.86,44.63
2022-04-27,April,2022,Q2,Wednesday,Cookies,128,109,17,1013.47,1635,621.53,38.01
2022-04-27,April,2022,Q2,Wednesday,Bread,82,74,5,963.65,1628,664.35,40.81
2022-04-27,April,2022,Q2,Wednesday,Rusk,107,101,5,615.39,1212,596.61,49.23
2022-04-28,April,2022,Q2,Thursday,Cookies,112,107,5,867.46,1605,737.54,45.95
2022-04-28,April,2022,Q2,Thursday,Bread,81,71,7,1010.17,1562,551.83,35.33
2022-04-28,April,2022,Q2,Thursday,Rusk,106,94,8,620.7,1128,507.3,44.97
2022-04-29,April,2022,Q2,Friday,Cookies,140,125,15,1094.02,1875,780.98,41.65
2022-04-29,April,2022,Q2,Friday,Bread,98,90,8,1182.12,1980,797.88,40.3
2022-04-29,April,2022,Q2,Friday,Rusk,118,104,9,739.75,1248,508.25,40.73
2022-04-30,April,2022,Q2,Saturday,Cookies,151,138,9,1252.51,2070,817.49,39.49
2022-04-30,April,2022,Q2,Saturday,Bread,95,82,13,1174.18,1804,629.82,34.91
2022-04-30,April,2022,Q2,Saturday,Rusk,118,112,6,691.62,1344,652.38,48.54
2022-05-02,May,2022,Q2,Monday,Cookies,96,85,10,749.41,1275,525.59,41.22
2022-05-02,May,2022,Q2,Monday,Bread,59,51,7,742.3,1122,379.7,33.84
2022-05-02,May,2022,Q2,Monday,Rusk,80,72,5,469.07,864,394.93,45.71
2022-05-03,May,2022,Q2,Tuesday,Cookies,86,71,12,661.7,1065,403.3,37.87
2022-05-03,May,2022,Q2,Tuesday,Bread,64,57,4,772.16,1254,481.84,38.42
2022-05-03,May,2022,Q2,Tuesday,Rusk,82,71,10,477.56,852,374.44,43.95
2022-05-04,May,2022,Q2,Wednesday,Cookies,86,78,5,715.52,1170,454.48,38.84
2022-05-04,May,2022,Q2,Wednesday,Bread,68,61,7,824.2,1342,517.8,38.58
2022-05-04,May,2022,Q2,Wednesday,Rusk,82,76,5,512.39,912,399.61,43.82
2022-05-05,May,2022,Q2,Thursday,Cookies,94,83,8,753.42,1245,491.58,39.48
2022-05-05,May,2022,Q2,Thursday,Bread,58,55,3,712.57,1210,497.43,41.11
2022-05-05,May,2022,Q2,Thursday,Rusk,73,62,8,426.85,744,317.15,42.63
2022-05-06,May,2022,Q2,Friday,Cookies,112,102,8,883.07,1530,646.93,42.28
2022-05-06,May,2022,Q2,Friday,Bread,80,71,6,966.37,1562,595.63,38.13
2022-05-06,May,2022,Q2,Friday,Rusk,95,82,11,594.9,984,389.1,39.54
2022-05-07,May,2022,Q2,Saturday,Cookies,120,109,8,914.99,1635,720.01,44.04
2022-05-07,May,2022,Q2,Saturday,Bread,73,61,7,836.7,1342,505.3,37.65
2022-05-07,May,2022,Q2,Saturday,Rusk,95,80,10,560.55,960,399.45,41.61
2022-05-09,May,2022,Q2,Monday,Cookies,101,91,6,773.67,1365,591.33,43.32
2022-05-09,May,2022,Q2,Monday,Bread,66,55,6,806.92,1210,403.08,33.31
2022-05-09,May,2022,Q2,Monday,Rusk,78,68,5,482.93,816,333.07,40.82
2022-05-10,May,2022,Q2,Tuesday,Cookies,101,86,12,789.59,1290,500.41,38.79
2022-05-10,May,2022,Q2,Tuesday,Bread,65,59,5,748.14,1298,549.86,42.36
2022-05-10,May,2022,Q2,Tuesday,Rusk,86,80,5,539.23,960,420.77,43.83
2022-05-11,May,2022,Q2,Wednesday,Cookies,94,86,6,755.15,1290,534.85,41.46
2022-05-11,May,2022,Q2,Wednesday,Bread,68,59,8,841.02,1298,456.98,35.21
2022-05-11,May,2022,Q2,Wednesday,Rusk,82,73,9,509.18,876,366.82,41.87
2022-05-12,May,2022,Q2,Thursday,Cookies,91,78,9,707.7,1170,462.3,39.51
2022-05-12,May,2022,Q2,Thursday,Bread,70,55,10,801.31,1210,408.69,33.78
2022-05-12,May,2022,Q2,Thursday,Rusk,83,68,11,482.09,816,333.91,40.92
2022-05-13,May,2022,Q2,Friday,Cookies,116,100,16,884.75,1500,615.25,41.02
2022-05-13,May,2022,Q2,Friday,Bread,79,68,6,988.23,1496,507.77,33.94
2022-05-13,May,2022,Q2,Friday,Rusk,105,88,15,628.38,1056,427.62,40.49
2022-05-14,May,2022,Q2,Saturday,Cookies,123,107,16,966.2,1605,638.8,39.8
2022-05-14,May,2022,Q2,Saturday,Bread,81,77,4,981.36,1694,712.64,42.07
2022-05-14,May,2022,Q2,Saturday,Rusk,90,81,5,517.16,972,454.84,46.79
2022-05-16,May,2022,Q2,Monday,Cookies,99,88,8,809.8,1320,510.2,38.65
2022-05-16,May,2022,Q2,Monday,Bread,58,50,4,698.75,1100,401.25,36.48
2022-05-16,May,2022,Q2,Monday,Rusk,84,74,6,510.34,888,377.66,42.53
2022-05-17,May,2022,Q2,Tuesday,Cookies,103,91,11,802.0,1365,563.0,41.25
2022-05-17,May,2022,Q2,Tuesday,Bread,57,50,7,651.25,1100,448.75,40.8
2022-05-17,May,2022,Q2,Tuesday,Rusk,85,73,8,532.39,876,343.61,39.22
2022-05-18,May,2022,Q2,Wednesday,Cookies,101,86,15,795.94,1290,494.06,38.3
2022-05-18,May,2022,Q2,Wednesday,Bread,67,60,6,802.38,1320,517.62,39.21
2022-05-18,May,2022,Q2,Wednesday,Rusk,82,71,11,515.82,852,336.18,39.46
2022-05-19,May,2022,Q2,Thursday,Cookies,101,88,9,801.65,1320,518.35,39.27
2022-05-19,May,2022,Q2,Thursday,Bread,67,63,4,772.68,1386,613.32,44.25
2022-05-19,May,2022,Q2,Thursday,Rusk,77,66,6,452.59,792,339.41,42.85
2022-05-20,May,2022,Q2,Friday,Cookies,109,103,5,829.96,1545,715.04,46.28
2022-05-20,May,2022,Q2,Friday,Bread,84,74,7,996.34,1628,631.66,38.8
2022-05-20,May,2022,Q2,Friday,Rusk,99,92,7,620.73,1104,483.27,43.77
2022-05-21,May,2022,Q2,Saturday,Cookies,121,110,7,960.02,1650,689.98,41.82
2022-05-21,May,2022,Q2,Saturday,Bread,82,70,11,980.79,1540,559.21,36.31
2022-05-21,May,2022,Q2,Saturday,Rusk,98,88,6,616.88,1056,439.12,41.58
2022-05-23,May,2022,Q2,Monday,Cookies,90,74,12,730.77,1110,379.23,34.16
2022-05-23,May,2022,Q2,Monday,Bread,65,59,6,758.99,1298,539.01,41.53
2022-05-23,May,2022,Q2,Monday,Rusk,74,65,5,430.08,780,349.92,44.86
2022-05-24,May,2022,Q2,Tuesday,Cookies,101,93,8,772.27,1395,622.73,44.64
2022-05-24,May,2022,Q2,Tuesday,Bread,70,58,9,875.93,1276,400.07,31.35
2022-05-24,May,2022,Q2,Tuesday,Rusk,87,77,5,516.58,924,407.42,44.09
2022-05-25,May,2022,Q2,Wednesday,Cookies,100,85,11,772.31,1275,502.69,39.43
2022-05-25,May,2022,Q2,Wednesday,Bread,68,60,4,793.46,1320,526.54,39.89
2022-05-25,May,2022,Q2,Wednesday,Rusk,80,68,8,483.84,816,332.16,40.71
2022-05-26,May,2022,Q2,Thursday,Cookies,88,74,12,687.5,1110,422.5,38.06
2022-05-26,May,2022,Q2,Thursday,Bread,59,49,8,740.26,1078,337.74,31.33
2022-05-26,May,2022,Q2,Thursday,Rusk,85,73,11,517.92,876,358.08,40.88
2022-05-27,May,2022,Q2,Friday,Cookies,116,105,6,919.5,1575,655.5,41.62
2022-05-27,May,2022,Q2,Friday,Bread,74,64,5,907.84,1408,500.16,35.52
2022-05-27,May,2022,Q2,Friday,Rusk,95,88,5,554.05,1056,501.95,47.53
2022-05-28,May,2022,Q2,Saturday,Cookies,119,112,6,985.43,1680,694.57,41.34
2022-05-28,May,2022,Q2,Saturday,Bread,76,67,7,920.43,1474,553.57,37.56
2022-05-28,May,2022,Q2,Saturday,Rusk,102,91,8,622.89,1092,469.11,42.96
2022-05-30,May,2022,Q2,Monday,Cookies,97,89,7,805.38,1335,529.62,39.67
2022-05-30,May,2022,Q2,Monday,Bread,67,55,7,832.19,1210,377.81,31.22
2022-05-30,May,2022,Q2,Monday,Rusk,85,70,10,527.19,840,312.81,37.24
2022-05-31,May,2022,Q2,Tuesday,Cookies,99,86,11,801.39,1290,488.61,37.88
2022-05-31,May,2022,Q2,Tuesday,Bread,67,60,4,834.62,1320,485.38,36.77
2022-05-31,May,2022,Q2,Tuesday,Rusk,85,79,4,526.62,948,421.38,44.45
2022-06-01,June,2022,Q2,Wednesday,Cookies,88,81,7,721.14,1215,493.86,40.65
2022-06-01,June,2022,Q2,Wednesday,Bread,59,52,7,731.52,1144,412.48,36.06
2022-06-01,June,2022,Q2,Wednesday,Rusk,80,73,4,469.78,876,406.22,46.37
2022-06-02,June,2022,Q2,Thursday,Cookies,98,80,14,794.33,1200,405.67,33.81
2022-06-02,June,2022,Q2,Thursday,Bread,60,50,6,722.88,1100,377.12,34.28
2022-06-02,June,2022,Q2,Thursday,Rusk,84,79,5,517.16,948,430.84,45.45
2022-06-03,June,2022,Q2,Friday,Cookies,116,100,16,913.33,1500,586.67,39.11
2022-06-03,June,2022,Q2,Friday,Bread,78,63,11,898.79,1386,487.21,35.15
2022-06-03,June,2022,Q2,Friday,Rusk,104,91,12,597.03,1092,494.97,45.33
2022-06-04,June,2022,Q2,Saturday,Cookies,110,93,13,841.93,1395,553.07,39.65
2022-06-04,June,2022,Q2,Saturday,Bread,78,70,6,947.32,1540,592.68,38.49
2022-06-04,June,2022,Q2,Saturday,Rusk,87,75,11,546.72,900,353.28,39.25
2022-06-06,June,2022,Q2,Monday,Cookies,105,90,13,808.93,1350,541.07,40.08
2022-06-06,June,2022,Q2,Monday,Bread,67,64,3,765.58,1408,642.42,45.63
2022-06-06,June,2022,Q2,Monday,Rusk,77,69,7,474.49,828,353.51,42.69
2022-06-07,June,2022,Q2,Tuesday,Cookies,99,88,9,774.07,1320,545.93,41.36
2022-06-07,June,2022,Q2,Tuesday,Bread,70,62,6,835.92,1364,528.08,38.72
2022-06-07,June,2022,Q2,Tuesday,Rusk,74,64,9,452.6,768,315.4,41.07
2022-06-08,June,2022,Q2,Wednesday,Cookies,90,82,5,733.0,1230,497.0,40.41
2022-06-08,June,2022,Q2,Wednesday,Bread,65,56,5,815.17,1232,416.83,33.83
2022-06-08,June,2022,Q2,Wednesday,Rusk,74,63,6,463.7,756,292.3,38.66
2022-06-09,June,2022,Q2,Thursday,Cookies,94,82,10,744.3,1230,485.7,39.49
2022-06-09,June,2022,Q2,Thursday,Bread,61,48,9,725.36,1056,330.64,31.31
2022-06-09,June,2022,Q2,Thursday,Rusk,86,75,6,501.2,900,398.8,44.31
2022-06-10,June,2022,Q2,Friday,Cookies,104,89,11,821.06,1335,513.94,38.5
2022-06-10,June,2022,Q2,Friday,Bread,82,75,7,1030.07,1650,619.93,37.57
2022-06-10,June,2022,Q2,Friday,Rusk,89,72,12,548.77,864,315.23,36.48
2022-06-11,June,2022,Q2,Saturday,Cookies,121,101,16,993.27,1515,521.73,34.44
2022-06-11,June,2022,Q2,Saturday,Bread,78,72,4,892.24,1584,691.76,43.67
2022-06-11,June,2022,Q2,Saturday,Rusk,104,88,11,642.5,1056,413.5,39.16
2022-06-13,June,2022,Q2,Monday,Cookies,95,90,5,731.51,1350,618.49,45.81
2022-06-13,June,2022,Q2,Monday,Bread,66,59,6,768.28,1298,529.72,40.81
2022-06-13,June,2022,Q2,Monday,Rusk,79,73,4,477.89,876,398.11,45.45
2022-06-14,June,2022,Q2,Tuesday,Cookies,91,80,11,714.19,1200,485.81,40.48
2022-06-14,June,2022,Q2,Tuesday,Bread,63,60,3,723.68,1320,596.32,45.18
2022-06-14,June,2022,Q2,Tuesday,Rusk,78,66,7,472.68,792,319.32,40.32
2022-06-15,June,2022,Q2,Wednesday,Cookies,91,77,10,754.22,1155,400.78,34.7
2022-06-15,June,2022,Q2,Wednesday,Bread,67,63,3,802.43,1386,583.57,42.1
2022-06-15,June,2022,Q2,Wednesday,Rusk,73,66,5,459.32,792,332.68,42.01
2022-06-16,June,2022,Q2,Thursday,Cookies,89,79,8,720.41,1185,464.59,39.21
2022-06-16,June,2022,Q2,Thursday,Bread,66,56,6,753.17,1232,478.83,38.87
2022-06-16,June,2022,Q2,Thursday,Rusk,77,69,7,442.96,828,385.04,46.5
2022-06-17,June,2022,Q2,Friday,Cookies,111,101,5,850.58,1515,664.42,43.86
2022-06-17,June,2022,Q2,Friday,Bread,75,69,4,906.08,1518,611.92,40.31
2022-06-17,June,2022,Q2,Friday,Rusk,99,86,12,576.19,1032,455.81,44.17
2022-06-18,June,2022,Q2,Saturday,Cookies,107,96,6,867.68,1440,572.32,39.74
2022-06-18,June,2022,Q2,Saturday,Bread,79,70,4,989.35,1540,550.65,35.76
2022-06-18,June,2022,Q2,Saturday,Rusk,87,76,9,532.91,912,379.09,41.57
2022-06-20,June,2022,Q2,Monday,Cookies,103,87,12,848.86,1305,456.14,34.95
2022-06-20,June,2022,Q2,Monday,Bread,61,50,8,701.26,1100,398.74,36.25
2022-06-20,June,2022,Q2,Monday,Rusk,86,75,9,532.37,900,367.63,40.85
2022-06-21,June,2022,Q2,Tuesday,Cookies,95,85,10,762.01,1275,512.99,40.23
2022-06-21,June,2022,Q2,Tuesday,Bread,66,63,3,757.18,1386,628.82,45.37
2022-06-21,June,2022,Q2,Tuesday,Rusk,75,66,4,466.73,792,325.27,41.07
2022-06-22,June,2022,Q2,Wednesday,Cookies,90,74,13,708.26,1110,401.74,36.19
2022-06-22,June,2022,Q2,Wednesday,Bread,59,50,7,719.24,1100,380.76,34.61
2022-06-22,June,2022,Q2,Wednesday,Rusk,79,71,8,484.39,852,367.61,43.15
2022-06-23,June,2022,Q2,Thursday,Cookies,90,77,13,754.19,1155,400.81,34.7
2022-06-23,June,2022,Q2,Thursday,Bread,65,59,4,794.06,1298,503.94,38.82
2022-06-23,June,2022,Q2,Thursday,Rusk,73,69,3,427.39,828,400.61,48.38
2022-06-24,June,2022,Q2,Friday,Cookies,114,94,15,932.72,1410,477.28,33.85
2022-06-24,June,2022,Q2,Friday,Bread,80,71,7,945.21,1562,616.79,39.49
2022-06-24,June,2022,Q2,Friday,Rusk,93,79,13,532.34,948,415.66,43.85
2022-06-25,June,2022,Q2,Saturday,Cookies,123,105,13,977.96,1575,597.04,37.91
2022-06-25,June,2022,Q2,Saturday,Bread,80,70,7,995.85,1540,544.15,35.33
2022-06-25,June,2022,Q2,Saturday,Rusk,103,90,9,604.21,1080,475.79,44.05
2022-06-27,June,2022,Q2,Monday,Cookies,97,79,13,753.55,1185,431.45,36.41
2022-06-27,June,2022,Q2,Monday,Bread,65,55,7,798.18,1210,411.82,34.03
2022-06-27,June,2022,Q2,Monday,Rusk,74,62,8,462.16,744,281.84,37.88
2022-06-28,June,2022,Q2,Tuesday,Cookies,89,83,6,745.56,1245,499.44,40.12
2022-06-28,June,2022,Q2,Tuesday,Bread,59,52,7,707.45,1144,436.55,38.16
2022-06-28,June,2022,Q2,Tuesday,Rusk,75,65,10,447.54,780,332.46,42.62
2022-06-29,June,2022,Q2,Wednesday,Cookies,96,83,8,775.14,1245,469.86,37.74
2022-06-29,June,2022,Q2,Wednesday,Bread,59,53,5,741.23,1166,424.77,36.43
2022-06-29,June,2022,Q2,Wednesday,Rusk,76,64,8,448.03,768,319.97,41.66
2022-06-30,June,2022,Q2,Thursday,Cookies,101,95,6,845.96,1425,579.04,40.63
2022-06-30,June,2022,Q2,Thursday,Bread,63,57,4,723.76,1254,530.24,42.28
2022-06-30,June,2022,Q2,Thursday,Rusk,74,63,7,436.76,756,319.24,42.23
2022-07-01,July,2022,Q3,Friday,Cookies,153,135,14,1193.24,2025,831.76,41.07
2022-07-01,July,2022,Q3,Friday,Bread,98,86,11,1136.84,1892,755.16,39.91
2022-07-01,July,2022,Q3,Friday,Rusk,112,103,6,687.89,1236,548.11,44.35
2022-07-02,July,2022,Q3,Saturday,Cookies,148,133,14,1224.75,1995,770.25,38.61
2022-07-02,July,2022,Q3,Saturday,Bread,101,91,10,1256.63,2002,745.37,37.23
2022-07-02,July,2022,Q3,Saturday,Rusk,112,104,6,656.53,1248,591.47,47.39
2022-07-04,July,2022,Q3,Monday,Cookies,109,96,11,910.07,1440,529.93,36.8
2022-07-04,July,2022,Q3,Monday,Bread,72,68,4,859.87,1496,636.13,42.52
2022-07-04,July,2022,Q3,Monday,Rusk,108,98,8,648.47,1176,527.53,44.86
2022-07-05,July,2022,Q3,Tuesday,Cookies,108,100,7,906.04,1500,593.96,39.6
2022-07-05,July,2022,Q3,Tuesday,Bread,87,78,4,1091.17,1716,624.83,36.41
2022-07-05,July,2022,Q3,Tuesday,Rusk,102,88,13,609.23,1056,446.77,42.31
2022-07-06,July,2022,Q3,Wednesday,Cookies,120,104,11,976.02,1560,583.98,37.43
2022-07-06,July,2022,Q3,Wednesday,Bread,74,71,3,870.94,1562,691.06,44.24
2022-07-06,July,2022,Q3,Wednesday,Rusk,104,95,7,634.82,1140,505.18,44.31
2022-07-07,July,2022,Q3,Thursday,Cookies,131,120,7,1066.09,1800,733.91,40.77
2022-07-07,July,2022,Q3,Thursday,Bread,79,66,10,917.39,1452,534.61,36.82
2022-07-07,July,2022,Q3,Thursday,Rusk,103,86,13,645.48,1032,386.52,37.45
2022-07-08,July,2022,Q3,Friday,Cookies,149,130,14,1206.05,1950,743.95,38.15
2022-07-08,July,2022,Q3,Friday,Bread,103,91,11,1177.96,2002,824.04,41.16
2022-07-08,July,2022,Q3,Friday,Rusk,130,114,15,793.77,1368,574.23,41.98
2022-07-09,July,2022,Q3,Saturday,Cookies,135,119,15,1068.54,1785,716.46,40.14
2022-07-09,July,2022,Q3,Saturday,Bread,98,92,5,1194.56,2024,829.44,40.98
2022-07-09,July,2022,Q3,Saturday,Rusk,131,121,7,823.51,1452,628.49,43.28
2022-07-11,July,2022,Q3,Monday,Cookies,117,101,16,962.43,1515,552.57,36.47
2022-07-11,July,2022,Q3,Monday,Bread,81,70,10,1008.79,1540,531.21,34.49
2022-07-11,July,2022,Q3,Monday,Rusk,98,85,8,597.85,1020,422.15,41.39
2022-07-12,July,2022,Q3,Tuesday,Cookies,127,109,16,1046.26,1635,588.74,36.01
2022-07-12,July,2022,Q3,Tuesday,Bread,78,65,10,900.45,1430,529.55,37.03
2022-07-12,July,2022,Q3,Tuesday,Rusk,100,90,5,589.48,1080,490.52,45.42
2022-07-13,July,2022,Q3,Wednesday,Cookies,116,101,10,946.14,1515,568.86,37.55
2022-07-13,July,2022,Q3,Wednesday,Bread,78,70,7,911.43,1540,628.57,40.82
2022-07-13,July,2022,Q3,Wednesday,Rusk,97,88,7,557.16,1056,498.84,47.24
2022-07-14,July,2022,Q3,Thursday,Cookies,122,107,14,987.66,1605,617.34,38.46
2022-07-14,July,2022,Q3,Thursday,Bread,79,68,6,982.44,1496,513.56,34.33
2022-07-14,July,2022,Q3,Thursday,Rusk,100,91,9,571.54,1092,520.46,47.66
2022-07-15,July,2022,Q3,Friday,Cookies,139,124,12,1100.75,1860,759.25,40.82
2022-07-15,July,2022,Q3,Friday,Bread,97,87,10,1176.56,1914,737.44,38.53
2022-07-15,July,2022,Q3,Friday,Rusk,126,107,16,772.49,1284,511.51,39.84
2022-07-16,July,2022,Q3,Saturday,Cookies,157,148,8,1217.79,2220,1002.21,45.14
2022-07-16,July,2022,Q3,Saturday,Bread,86,76,9,1073.08,1672,598.92,35.82
2022-07-16,July,2022,Q3,Saturday,Rusk,113,94,16,648.19,1128,479.81,42.54
2022-07-18,July,2022,Q3,Monday,Cookies,130,117,11,998.55,1755,756.45,43.1
2022-07-18,July,2022,Q3,Monday,Bread,79,72,5,927.61,1584,656.39,41.44
2022-07-18,July,2022,Q3,Monday,Rusk,96,83,12,578.26,996,417.74,41.94
2022-07-19,July,2022,Q3,Tuesday,Cookies,115,102,12,939.89,1530,590.11,38.57
2022-07-19,July,2022,Q3,Tuesday,Bread,76,70,6,877.52,1540,662.48,43.02
2022-07-19,July,2022,Q3,Tuesday,Rusk,93,78,10,540.22,936,395.78,42.28
2022-07-20,July,2022,Q3,Wednesday,Cookies,120,105,14,922.26,1575,652.74,41.44
2022-07-20,July,2022,Q3,Wednesday,Bread,81,72,6,1017.0,1584,567.0,35.8
2022-07-20,July,2022,Q3,Wednesday,Rusk,99,85,12,596.98,1020,423.02,41.47
2022-07-21,July,2022,Q3,Thursday,Cookies,109,95,12,911.36,1425,513.64,36.04
2022-07-21,July,2022,Q3,Thursday,Bread,81,71,10,1009.34,1562,552.66,35.38
2022-07-21,July,2022,Q3,Thursday,Rusk,94,86,6,570.26,1032,461.74,44.74
2022-07-22,July,2022,Q3,Friday,Cookies,141,121,18,1173.12,1815,641.88,35.37
2022-07-22,July,2022,Q3,Friday,Bread,93,82,6,1147.31,1804,656.69,36.4
2022-07-22,July,2022,Q3,Friday,Rusk,114,95,15,678.78,1140,461.22,40.46
2022-07-23,July,2022,Q3,Saturday,Cookies,148,137,8,1198.66,2055,856.34,41.67
2022-07-23,July,2022,Q3,Saturday,Bread,95,80,10,1102.15,1760,657.85,37.38
2022-07-23,July,2022,Q3,Saturday,Rusk,125,104,17,728.76,1248,519.24,41.61
2022-07-25,July,2022,Q3,Monday,Cookies,110,103,5,892.49,1545,652.51,42.23
2022-07-25,July,2022,Q3,Monday,Bread,81,73,8,945.95,1606,660.05,41.1
2022-07-25,July,2022,Q3,Monday,Rusk,97,87,10,581.81,1044,462.19,44.27
2022-07-26,July,2022,Q3,Tuesday,Cookies,131,121,8,1068.45,1815,746.55,41.13
2022-07-26,July,2022,Q3,Tuesday,Bread,78,70,7,956.37,1540,583.63,37.9
2022-07-26,July,2022,Q3,Tuesday,Rusk,103,84,15,595.03,1008,412.97,40.97
2022-07-27,July,2022,Q3,Wednesday,Cookies,110,95,13,886.9,1425,538.1,37.76
2022-07-27,July,2022,Q3,Wednesday,Bread,76,72,4,874.21,1584,709.79,44.81
2022-07-27,July,2022,Q3,Wednesday,Rusk,107,100,7,630.66,1200,569.34,47.45
2022-07-28,July,2022,Q3,Thursday,Cookies,113,100,9,865.08,1500,634.92,42.33
2022-07-28,July,2022,Q3,Thursday,Bread,80,73,4,988.83,1606,617.17,38.43
2022-07-28,July,2022,Q3,Thursday,Rusk,94,83,9,585.44,996,410.56,41.22
2022-07-29,July,2022,Q3,Friday,Cookies,148,128,15,1163.2,1920,756.8,39.42
2022-07-29,July,2022,Q3,Friday,Bread,92,80,10,1158.55,1760,601.45,34.17
2022-07-29,July,2022,Q3,Friday,Rusk,123,107,13,755.02,1284,528.98,41.2
2022-07-30,July,2022,Q3,Saturday,Cookies,142,131,7,1143.08,1965,821.92,41.83
2022-07-30,July,2022,Q3,Saturday,Bread,104,93,7,1271.71,2046,774.29,37.84
2022-07-30,July,2022,Q3,Saturday,Rusk,112,101,11,644.9,1212,567.1,46.79
2022-08-01,August,2022,Q3,Monday,Cookies,118,101,14,929.61,1515,585.39,38.64
2022-08-01,August,2022,Q3,Monday,Bread,82,68,10,1026.03,1496,469.97,31.42
2022-08-01,August,2022,Q3,Monday,Rusk,94,85,8,544.4,1020,475.6,46.63
2022-08-02,August,2022,Q3,Tuesday,Cookies,131,111,18,1052.19,1665,612.81,36.81
2022-08-02,August,2022,Q3,Tuesday,Bread,85,77,8,1032.61,1694,661.39,39.04
2022-08-02,August,2022,Q3,Tuesday,Rusk,91,75,11,525.67,900,374.33,41.59
2022-08-03,August,2022,Q3,Wednesday,Cookies,127,108,16,1037.21,1620,582.79,35.97
2022-08-03,August,2022,Q3,Wednesday,Bread,72,67,5,843.53,1474,630.47,42.77
2022-08-03,August,2022,Q3,Wednesday,Rusk,97,88,5,607.43,1056,448.57,42.48
2022-08-04,August,2022,Q3,Thursday,Cookies,121,108,9,958.03,1620,661.97,40.86
2022-08-04,August,2022,Q3,Thursday,Bread,79,66,8,949.49,1452,502.51,34.61
2022-08-04,August,2022,Q3,Thursday,Rusk,108,93,10,679.89,1116,436.11,39.08
2022-08-05,August,2022,Q3,Friday,Cookies,154,139,10,1285.05,2085,799.95,38.37
2022-08-05,August,2022,Q3,Friday,Bread,88,72,11,1043.39,1584,540.61,34.13
2022-08-05,August,2022,Q3,Friday,Rusk,129,107,17,797.68,1284,486.32,37.88
2022-08-06,August,2022,Q3,Saturday,Cookies,152,139,12,1165.04,2085,919.96,44.12
2022-08-06,August,2022,Q3,Saturday,Bread,94,86,6,1149.99,1892,742.01,39.22
2022-08-06,August,2022,Q3,Saturday,Rusk,116,96,17,705.81,1152,446.19,38.73
2022-08-08,August,2022,Q3,Monday,Cookies,127,119,8,1052.78,1785,732.22,41.02
2022-08-08,August,2022,Q3,Monday,Bread,86,73,8,1042.97,1606,563.03,35.06
2022-08-08,August,2022,Q3,Monday,Rusk,105,96,7,630.16,1152,521.84,45.3
2022-08-09,August,2022,Q3,Tuesday,Cookies,117,106,7,923.6,1590,666.4,41.91
2022-08-09,August,2022,Q3,Tuesday,Bread,73,68,3,844.04,1496,651.96,43.58
2022-08-09,August,2022,Q3,Tuesday,Rusk,109,93,11,684.46,1116,431.54,38.67
2022-08-10,August,2022,Q3,Wednesday,Cookies,118,109,9,944.58,1635,690.42,42.23
2022-08-10,August,2022,Q3,Wednesday,Bread,79,70,4,961.35,1540,578.65,37.57
2022-08-10,August,2022,Q3,Wednesday,Rusk,94,82,10,572.47,984,411.53,41.82
2022-08-11,August,2022,Q3,Thursday,Cookies,111,101,6,912.93,1515,602.07,39.74
2022-08-11,August,2022,Q3,Thursday,Bread,79,73,4,994.91,1606,611.09,38.05
2022-08-11,August,2022,Q3,Thursday,Rusk,91,76,10,572.41,912,339.59,37.24
2022-08-12,August,2022,Q3,Friday,Cookies,136,125,8,1046.81,1875,828.19,44.17
2022-08-12,August,2022,Q3,Friday,Bread,92,85,5,1125.21,1870,744.79,39.83
2022-08-12,August,2022,Q3,Friday,Rusk,109,95,11,686.48,1140,453.52,39.78
2022-08-13,August,2022,Q3,Saturday,Cookies,153,131,17,1200.29,1965,764.71,38.92
2022-08-13,August,2022,Q3,Saturday,Bread,98,86,10,1167.31,1892,724.69,38.3
2022-08-13,August,2022,Q3,Saturday,Rusk,111,92,15,662.66,1104,441.34,39.98
2022-08-15,August,2022,Q3,Monday,Cookies,112,102,9,888.31,1530,641.69,41.94
2022-08-15,August,2022,Q3,Monday,Bread,85,74,10,1047.47,1628,580.53,35.66
2022-08-15,August,2022,Q3,Monday,Rusk,90,79,8,538.99,948,409.01,43.14
2022-08-16,August,2022,Q3,Tuesday,Cookies,108,95,8,886.49,1425,538.51,37.79
2022-08-16,August,2022,Q3,Tuesday,Bread,74,64,7,862.71,1408,545.29,38.73
2022-08-16,August,2022,Q3,Tuesday,Rusk,90,79,6,565.7,948,382.3,40.33
2022-08-17,August,2022,Q3,Wednesday,Cookies,127,104,18,1014.77,1560,545.23,34.95
2022-08-17,August,2022,Q3,Wednesday,Bread,73,65,7,872.0,1430,558.0,39.02
2022-08-17,August,2022,Q3,Wednesday,Rusk,106,96,6,635.25,1152,516.75,44.86
2022-08-18,August,2022,Q3,Thursday,Cookies,111,98,9,909.08,1470,560.92,38.16
2022-08-18,August,2022,Q3,Thursday,Bread,79,71,6,938.0,1562,624.0,39.95
2022-08-18,August,2022,Q3,Thursday,Rusk,99,84,12,617.29,1008,390.71,38.76
2022-08-19,August,2022,Q3,Friday,Cookies,157,133,20,1232.82,1995,762.18,38.2
2022-08-19,August,2022,Q3,Friday,Bread,99,90,9,1158.85,1980,821.15,41.47
2022-08-19,August,2022,Q3,Friday,Rusk,128,120,6,798.86,1440,641.14,44.52
2022-08-20,August,2022,Q3,Saturday,Cookies,142,124,16,1154.1,1860,705.9,37.95
2022-08-20,August,2022,Q3,Saturday,Bread,103,91,11,1250.08,2002,751.92,37.56
2022-08-20,August,2022,Q3,Saturday,Rusk,109,95,11,631.12,1140,508.88,44.64
2022-08-22,August,2022,Q3,Monday,Cookies,125,109,12,1018.02,1635,616.98,37.74
2022-08-22,August,2022,Q3,Monday,Bread,72,64,4,882.69,1408,525.31,37.31
2022-08-22,August,2022,Q3,Monday,Rusk,91,81,5,519.36,972,452.64,46.57
2022-08-23,August,2022,Q3,Tuesday,Cookies,130,112,16,1024.74,1680,655.26,39.0
2022-08-23,August,2022,Q3,Tuesday,Bread,76,67,6,937.05,1474,536.95,36.43
2022-08-23,August,2022,Q3,Tuesday,Rusk,103,93,7,597.86,1116,518.14,46.43
2022-08-24,August,2022,Q3,Wednesday,Cookies,110,95,12,903.26,1425,521.74,36.61
2022-08-24,August,2022,Q3,Wednesday,Bread,76,68,3,873.89,1496,622.11,41.58
2022-08-24,August,2022,Q3,Wednesday,Rusk,109,100,8,671.61,1200,528.39,44.03
2022-08-25,August,2022,Q3,Thursday,Cookies,122,108,10,947.28,1620,672.72,41.53
2022-08-25,August,2022,Q3,Thursday,Bread,73,62,8,900.06,1364,463.94,34.01
2022-08-25,August,2022,Q3,Thursday,Rusk,102,87,10,583.97,1044,460.03,44.06
2022-08-26,August,2022,Q3,Friday,Cookies,157,136,20,1229.98,2040,810.02,39.71
2022-08-26,August,2022,Q3,Friday,Bread,105,89,11,1270.39,1958,687.61,35.12
2022-08-26,August,2022,Q3,Friday,Rusk,125,109,16,761.74,1308,546.26,41.76
2022-08-27,August,2022,Q3,Saturday,Cookies,133,120,11,1109.55,1800,690.45,38.36
2022-08-27,August,2022,Q3,Saturday,Bread,90,79,7,1072.66,1738,665.34,38.28
2022-08-27,August,2022,Q3,Saturday,Rusk,118,100,13,739.37,1200,460.63,38.39
2022-08-29,August,2022,Q3,Monday,Cookies,113,101,7,876.65,1515,638.35,42.14
2022-08-29,August,2022,Q3,Monday,Bread,86,73,9,1009.91,1606,596.09,37.12
2022-08-29,August,2022,Q3,Monday,Rusk,106,90,14,658.04,1080,421.96,39.07
2022-08-30,August,2022,Q3,Tuesday,Cookies,130,121,9,1066.52,1815,748.48,41.24
2022-08-30,August,2022,Q3,Tuesday,Bread,79,68,10,969.66,1496,526.34,35.18
2022-08-30,August,2022,Q3,Tuesday,Rusk,105,88,12,609.68,1056,446.32,42.27
2022-08-31,August,2022,Q3,Wednesday,Cookies,121,102,17,1010.34,1530,519.66,33.96
2022-08-31,August,2022,Q3,Wednesday,Bread,72,67,4,832.18,1474,641.82,43.54
2022-08-31,August,2022,Q3,Wednesday,Rusk,104,90,13,606.12,1080,473.88,43.88
2022-09-01,September,2022,Q3,Thursday,Cookies,120,103,16,982.35,1545,562.65,36.42
2022-09-01,September,2022,Q3,Thursday,Bread,80,72,8,960.8,1584,623.2,39.34
2022-09-01,September,2022,Q3,Thursday,Rusk,95,85,10,580.77,1020,439.23,43.06
2022-09-02,September,2022,Q3,Friday,Cookies,154,136,17,1264.17,2040,775.83,38.03
2022-09-02,September,2022,Q3,Friday,Bread,89,78,8,1015.6,1716,700.4,40.82
2022-09-02,September,2022,Q3,Friday,Rusk,113,96,13,711.34,1152,440.66,38.25
2022-09-03,September,2022,Q3,Saturday,Cookies,132,121,11,1087.69,1815,727.31,40.07
2022-09-03,September,2022,Q3,Saturday,Bread,90,78,9,1105.17,1716,610.83,35.6
2022-09-03,September,2022,Q3,Saturday,Rusk,122,111,8,721.41,1332,610.59,45.84
2022-09-05,September,2022,Q3,Monday,Cookies,126,108,13,958.13,1620,661.87,40.86
2022-09-05,September,2022,Q3,Monday,Bread,84,76,4,1032.77,1672,639.23,38.23
2022-09-05,September,2022,Q3,Monday,Rusk,94,80,13,556.55,960,403.45,42.03
2022-09-06,September,2022,Q3,Tuesday,Cookies,115,103,7,902.12,1545,642.88,41.61
2022-09-06,September,2022,Q3,Tuesday,Bread,86,69,12,1018.41,1518,499.59,32.91
2022-09-06,September,2022,Q3,Tuesday,Rusk,98,84,11,610.71,1008,397.29,39.41
2022-09-07,September,2022,Q3,Wednesday,Cookies,122,109,10,967.47,1635,667.53,40.83
2022-09-07,September,2022,Q3,Wednesday,Bread,83,76,4,1007.91,1672,664.09,39.72
2022-09-07,September,2022,Q3,Wednesday,Rusk,97,84,12,558.31,1008,449.69,44.61
2022-09-08,September,2022,Q3,Thursday,Cookies,122,110,11,989.89,1650,660.11,40.01
2022-09-08,September,2022,Q3,Thursday,Bread,73,61,7,881.39,1342,460.61,34.32
2022-09-08,September,2022,Q3,Thursday,Rusk,101,85,11,616.69,1020,403.31,39.54
2022-09-09,September,2022,Q3,Friday,Cookies,152,141,11,1255.53,2115,859.47,40.64
2022-09-09,September,2022,Q3,Friday,Bread,95,90,5,1089.67,1980,890.33,44.97
2022-09-09,September,2022,Q3,Friday,Rusk,116,99,14,710.45,1188,477.55,40.2
2022-09-10,September,2022,Q3,Saturday,Cookies,152,136,15,1208.73,2040,831.27,40.75
2022-09-10,September,2022,Q3,Saturday,Bread,89,81,7,1060.95,1782,721.05,40.46
2022-09-10,September,2022,Q3,Saturday,Rusk,110,98,7,666.48,1176,509.52,43.33
2022-09-12,September,2022,Q3,Monday,Cookies,125,103,18,1043.31,1545,501.69,32.47
2022-09-12,September,2022,Q3,Monday,Bread,82,72,7,997.4,1584,586.6,37.03
2022-09-12,September,2022,Q3,Monday,Rusk,105,99,6,624.32,1188,563.68,47.45
2022-09-13,September,2022,Q3,Tuesday,Cookies,128,113,11,1031.36,1695,663.64,39.15
2022-09-13,September,2022,Q3,Tuesday,Bread,81,75,5,958.61,1650,691.39,41.9
2022-09-13,September,2022,Q3,Tuesday,Rusk,96,91,5,548.59,1092,543.41,49.76
2022-09-14,September,2022,Q3,Wednesday,Cookies,127,115,9,1017.84,1725,707.16,40.99
2022-09-14,September,2022,Q3,Wednesday,Bread,76,65,10,890.05,1430,539.95,37.76
2022-09-14,September,2022,Q3,Wednesday,Rusk,98,82,13,608.11,984,375.89,38.2
2022-09-15,September,2022,Q3,Thursday,Cookies,112,93,14,892.25,1395,502.75,36.04
2022-09-15,September,2022,Q3,Thursday,Bread,79,70,5,908.24,1540,631.76,41.02
2022-09-15,September,2022,Q3,Thursday,Rusk,104,90,10,620.06,1080,459.94,42.59
2022-09-16,September,2022,Q3,Friday,Cookies,150,128,18,1159.07,1920,760.93,39.63
2022-09-16,September,2022,Q3,Friday,Bread,98,90,6,1205.56,1980,774.44,39.11
2022-09-16,September,2022,Q3,Friday,Rusk,123,103,17,706.19,1236,529.81,42.86
2022-09-17,September,2022,Q3,Saturday,Cookies,131,117,10,1023.03,1755,731.97,41.71
2022-09-17,September,2022,Q3,Saturday,Bread,91,74,12,1064.65,1628,563.35,34.6
2022-09-17,September,2022,Q3,Saturday,Rusk,114,96,14,680.56,1152,471.44,40.92
2022-09-19,September,2022,Q3,Monday,Cookies,126,116,7,1006.75,1740,733.25,42.14
2022-09-19,September,2022,Q3,Monday,Bread,72,64,4,899.12,1408,508.88,36.14
2022-09-19,September,2022,Q3,Monday,Rusk,92,80,9,547.09,960,412.91,43.01
2022-09-20,September,2022,Q3,Tuesday,Cookies,116,99,16,883.63,1485,601.37,40.5
2022-09-20,September,2022,Q3,Tuesday,Bread,82,66,11,989.92,1452,462.08,31.82
2022-09-20,September,2022,Q3,Tuesday,Rusk,108,100,5,642.74,1200,557.26,46.44
2022-09-21,September,2022,Q3,Wednesday,Cookies,114,97,14,955.89,1455,499.11,34.3
2022-09-21,September,2022,Q3,Wednesday,Bread,76,66,8,884.47,1452,567.53,39.09
2022-09-21,September,2022,Q3,Wednesday,Rusk,101,91,9,634.6,1092,457.4,41.89
2022-09-22,September,2022,Q3,Thursday,Cookies,122,107,10,938.34,1605,666.66,41.54
2022-09-22,September,2022,Q3,Thursday,Bread,74,67,5,865.89,1474,608.11,41.26
2022-09-22,September,2022,Q3,Thursday,Rusk,107,92,11,643.5,1104,460.5,41.71
2022-09-23,September,2022,Q3,Friday,Cookies,132,112,17,1079.53,1680,600.47,35.74
2022-09-23,September,2022,Q3,Friday,Bread,87,72,10,1048.55,1584,535.45,33.8
2022-09-23,September,2022,Q3,Friday,Rusk,109,98,10,653.0,1176,523.0,44.47
2022-09-24,September,2022,Q3,Saturday,Cookies,134,113,19,1109.52,1695,585.48,34.54
2022-09-24,September,2022,Q3,Saturday,Bread,99,87,9,1177.52,1914,736.48,38.48
2022-09-24,September,2022,Q3,Saturday,Rusk,123,111,12,705.7,1332,626.3,47.02
2022-09-26,September,2022,Q3,Monday,Cookies,120,100,15,956.09,1500,543.91,36.26
2022-09-26,September,2022,Q3,Monday,Bread,72,61,9,838.2,1342,503.8,37.54
2022-09-26,September,2022,Q3,Monday,Rusk,95,88,6,560.32,1056,495.68,46.94
2022-09-27,September,2022,Q3,Tuesday,Cookies,126,112,12,978.25,1680,701.75,41.77
2022-09-27,September,2022,Q3,Tuesday,Bread,86,73,11,1070.24,1606,535.76,33.36
2022-09-27,September,2022,Q3,Tuesday,Rusk,94,84,8,591.35,1008,416.65,41.33
2022-09-28,September,2022,Q3,Wednesday,Cookies,126,116,6,964.17,1740,775.83,44.59
2022-09-28,September,2022,Q3,Wednesday,Bread,79,68,11,951.67,1496,544.33,36.39
2022-09-28,September,2022,Q3,Wednesday,Rusk,99,93,5,603.31,1116,512.69,45.94
2022-09-29,September,2022,Q3,Thursday,Cookies,127,115,11,1044.0,1725,681.0,39.48
2022-09-29,September,2022,Q3,Thursday,Bread,87,80,6,1046.44,1760,713.56,40.54
2022-09-29,September,2022,Q3,Thursday,Rusk,95,80,12,574.42,960,385.58,40.16
2022-09-30,September,2022,Q3,Friday,Cookies,147,123,19,1163.77,1845,681.23,36.92
2022-09-30,September,2022,Q3,Friday,Bread,103,92,10,1193.72,2024,830.28,41.02
2022-09-30,September,2022,Q3,Friday,Rusk,124,103,16,730.37,1236,505.63,40.91
2022-10-01,October,2022,Q4,Saturday,Cookies,154,132,21,1204.51,1980,775.49,39.17
2022-10-01,October,2022,Q4,Saturday,Bread,105,99,6,1222.45,2178,955.55,43.87
2022-10-01,October,2022,Q4,Saturday,Rusk,112,94,15,682.37,1128,445.63,39.51
2022-10-03,October,2022,Q4,Monday,Cookies,111,98,10,898.24,1470,571.76,38.9
2022-10-03,October,2022,Q4,Monday,Bread,73,61,10,902.6,1342,439.4,32.74
2022-10-03,October,2022,Q4,Monday,Rusk,100,82,14,595.07,984,388.93,39.53
2022-10-04,October,2022,Q4,Tuesday,Cookies,131,113,15,1062.11,1695,632.89,37.34
2022-10-04,October,2022,Q4,Tuesday,Bread,74,61,10,881.56,1342,460.44,34.31
2022-10-04,October,2022,Q4,Tuesday,Rusk,93,89,4,561.33,1068,506.67,47.44
2022-10-05,October,2022,Q4,Wednesday,Cookies,120,105,14,997.46,1575,577.54,36.67
2022-10-05,October,2022,Q4,Wednesday,Bread,73,62,8,848.62,1364,515.38,37.78
2022-10-05,October,2022,Q4,Wednesday,Rusk,107,90,14,644.62,1080,435.38,40.31
2022-10-06,October,2022,Q4,Thursday,Cookies,125,111,10,997.12,1665,667.88,40.11
2022-10-06,October,2022,Q4,Thursday,Bread,85,72,8,1005.5,1584,578.5,36.52
2022-10-06,October,2022,Q4,Thursday,Rusk,99,86,13,584.21,1032,447.79,43.39
2022-10-07,October,2022,Q4,Friday,Cookies,134,114,16,1106.94,1710,603.06,35.27
2022-10-07,October,2022,Q4,Friday,Bread,88,79,6,1018.19,1738,719.81,41.42
2022-10-07,October,2022,Q4,Friday,Rusk,116,102,11,713.32,1224,510.68,41.72
2022-10-08,October,2022,Q4,Saturday,Cookies,148,132,16,1166.52,1980,813.48,41.08
2022-10-08,October,2022,Q4,Saturday,Bread,102,91,9,1282.64,2002,719.36,35.93
2022-10-08,October,2022,Q4,Saturday,Rusk,123,114,7,751.0,1368,617.0,45.1
2022-10-10,October,2022,Q4,Monday,Cookies,115,99,13,880.41,1485,604.59,40.71
2022-10-10,October,2022,Q4,Monday,Bread,74,61,10,863.77,1342,478.23,35.64
2022-10-10,October,2022,Q4,Monday,Rusk,106,94,8,645.09,1128,482.91,42.81
2022-10-11,October,2022,Q4,Tuesday,Cookies,124,107,12,972.69,1605,632.31,39.4
2022-10-11,October,2022,Q4,Tuesday,Bread,75,67,3,882.36,1474,591.64,40.14
2022-10-11,October,2022,Q4,Tuesday,Rusk,103,85,14,640.94,1020,379.06,37.16
2022-10-12,October,2022,Q4,Wednesday,Cookies,126,106,16,1024.63,1590,565.37,35.56
2022-10-12,October,2022,Q4,Wednesday,Bread,76,65,10,927.57,1430,502.43,35.13
2022-10-12,October,2022,Q4,Wednesday,Rusk,101,92,6,602.79,1104,501.21,45.4
2022-10-13,October,2022,Q4,Thursday,Cookies,119,102,16,956.44,1530,573.56,37.49
2022-10-13,October,2022,Q4,Thursday,Bread,78,65,11,899.56,1430,530.44,37.09
2022-10-13,October,2022,Q4,Thursday,Rusk,98,90,5,602.11,1080,477.89,44.25
2022-10-14,October,2022,Q4,Friday,Cookies,156,141,12,1292.72,2115,822.28,38.88
2022-10-14,October,2022,Q4,Friday,Bread,92,80,12,1132.04,1760,627.96,35.68
2022-10-14,October,2022,Q4,Friday,Rusk,127,118,6,797.27,1416,618.73,43.7
2022-10-15,October,2022,Q4,Saturday,Cookies,150,136,12,1239.53,2040,800.47,39.24
2022-10-15,October,2022,Q4,Saturday,Bread,91,74,12,1049.69,1628,578.31,35.52
2022-10-15,October,2022,Q4,Saturday,Rusk,124,107,12,713.98,1284,570.02,44.39
2022-10-17,October,2022,Q4,Monday,Cookies,113,105,5,901.18,1575,673.82,42.78
2022-10-17,October,2022,Q4,Monday,Bread,76,63,8,893.51,1386,492.49,35.53
2022-10-17,October,2022,Q4,Monday,Rusk,95,83,11,544.24,996,451.76,45.36
2022-10-18,October,2022,Q4,Tuesday,Cookies,129,109,17,1049.32,1635,585.68,35.82
2022-10-18,October,2022,Q4,Tuesday,Bread,81,69,11,941.41,1518,576.59,37.98
2022-10-18,October,2022,Q4,Tuesday,Rusk,91,81,6,562.08,972,409.92,42.17
2022-10-19,October,2022,Q4,Wednesday,Cookies,108,93,11,906.81,1395,488.19,35.0
2022-10-19,October,2022,Q4,Wednesday,Bread,85,77,8,975.49,1694,718.51,42.41
2022-10-19,October,2022,Q4,Wednesday,Rusk,106,92,11,611.51,1104,492.49,44.61
2022-10-20,October,2022,Q4,Thursday,Cookies,110,91,15,894.89,1365,470.11,34.44
2022-10-20,October,2022,Q4,Thursday,Bread,85,70,11,1027.32,1540,512.68,33.29
2022-10-20,October,2022,Q4,Thursday,Rusk,100,86,9,589.02,1032,442.98,42.92
2022-10-21,October,2022,Q4,Friday,Cookies,142,124,18,1147.58,1860,712.42,38.3
2022-10-21,October,2022,Q4,Friday,Bread,103,94,9,1249.24,2068,818.76,39.59
2022-10-21,October,2022,Q4,Friday,Rusk,123,105,13,752.95,1260,507.05,40.24
2022-10-22,October,2022,Q4,Saturday,Cookies,136,120,13,1044.94,1800,755.06,41.95
2022-10-22,October,2022,Q4,Saturday,Bread,93,83,9,1132.99,1826,693.01,37.95
2022-10-22,October,2022,Q4,Saturday,Rusk,130,113,14,799.0,1356,557.0,41.08
2022-10-24,October,2022,Q4,Monday,Cookies,120,106,13,918.81,1590,671.19,42.21
2022-10-24,October,2022,Q4,Monday,Bread,76,70,6,909.49,1540,630.51,40.94
2022-10-24,October,2022,Q4,Monday,Rusk,90,83,5,527.95,996,468.05,46.99
2022-10-25,October,2022,Q4,Tuesday,Cookies,131,118,10,1046.12,1770,723.88,40.9
2022-10-25,October,2022,Q4,Tuesday,Bread,75,65,8,880.26,1430,549.74,38.44
2022-10-25,October,2022,Q4,Tuesday,Rusk,94,84,9,536.11,1008,471.89,46.81
2022-10-26,October,2022,Q4,Wednesday,Cookies,108,98,7,823.97,1470,646.03,43.95
2022-10-26,October,2022,Q4,Wednesday,Bread,73,65,6,902.51,1430,527.49,36.89
2022-10-26,October,2022,Q4,Wednesday,Rusk,101,89,10,593.49,1068,474.51,44.43
2022-10-27,October,2022,Q4,Thursday,Cookies,130,116,11,997.06,1740,742.94,42.7
2022-10-27,October,2022,Q4,Thursday,Bread,81,75,4,956.96,1650,693.04,42.0
2022-10-27,October,2022,Q4,Thursday,Rusk,100,84,13,599.61,1008,408.39,40.51
2022-10-28,October,2022,Q4,Friday,Cookies,149,125,22,1148.07,1875,726.93,38.77
2022-10-28,October,2022,Q4,Friday,Bread,91,83,8,1083.46,1826,742.54,40.66
2022-10-28,October,2022,Q4,Friday,Rusk,117,98,16,717.03,1176,458.97,39.03
2022-10-29,October,2022,Q4,Saturday,Cookies,147,136,11,1214.08,2040,825.92,40.49
2022-10-29,October,2022,Q4,Saturday,Bread,104,86,13,1185.8,1892,706.2,37.33
2022-10-29,October,2022,Q4,Saturday,Rusk,123,113,6,720.11,1356,635.89,46.89
2022-10-31,October,2022,Q4,Monday,Cookies,109,97,12,888.27,1455,566.73,38.95
2022-10-31,October,2022,Q4,Monday,Bread,73,65,6,872.17,1430,557.83,39.01
2022-10-31,October,2022,Q4,Monday,Rusk,97,90,6,577.28,1080,502.72,46.55
2022-11-01,November,2022,Q4,Tuesday,Cookies,170,156,9,1302.9,2340,1037.1,44.32
2022-11-01,November,2022,Q4,Tuesday,Bread,104,90,14,1269.04,1980,710.96,35.91
2022-11-01,November,2022,Q4,Tuesday,Rusk,139,123,11,841.81,1476,634.19,42.97
2022-11-02,November,2022,Q4,Wednesday,Cookies,146,130,16,1216.27,1950,733.73,37.63
2022-11-02,November,2022,Q4,Wednesday,Bread,110,95,15,1349.56,2090,740.44,35.43
2022-11-02,November,2022,Q4,Wednesday,Rusk,124,106,17,711.74,1272,560.26,44.05
2022-11-03,November,2022,Q4,Thursday,Cookies,163,152,10,1240.33,2280,1039.67,45.6
2022-11-03,November,2022,Q4,Thursday,Bread,106,98,8,1270.22,2156,885.78,41.08
2022-11-03,November,2022,Q4,Thursday,Rusk,137,126,7,791.01,1512,720.99,47.68
2022-11-04,November,2022,Q4,Friday,Cookies,196,179,16,1603.93,2685,1081.07,40.26
2022-11-04,November,2022,Q4,Friday,Bread,133,115,17,1626.72,2530,903.28,35.7
2022-11-04,November,2022,Q4,Friday,Rusk,159,140,18,932.57,1680,747.43,44.49
2022-11-05,November,2022,Q4,Saturday,Cookies,186,160,23,1480.03,2400,919.97,38.33
2022-11-05,November,2022,Q4,Saturday,Bread,137,114,18,1702.78,2508,805.22,32.11
2022-11-05,November,2022,Q4,Saturday,Rusk,175,159,16,1030.98,1908,877.02,45.97
2022-11-07,November,2022,Q4,Monday,Cookies,164,146,14,1325.26,2190,864.74,39.49
2022-11-07,November,2022,Q4,Monday,Bread,112,98,13,1327.14,2156,828.86,38.44
2022-11-07,November,2022,Q4,Monday,Rusk,126,112,11,728.98,1344,615.02,45.76
2022-11-08,November,2022,Q4,Tuesday,Cookies,174,155,14,1343.9,2325,981.1,42.2
2022-11-08,November,2022,Q4,Tuesday,Bread,97,84,11,1179.94,1848,668.06,36.15
2022-11-08,November,2022,Q4,Tuesday,Rusk,130,121,7,772.95,1452,679.05,46.77
2022-11-09,November,2022,Q4,Wednesday,Cookies,155,136,18,1253.12,2040,786.88,38.57
2022-11-09,November,2022,Q4,Wednesday,Bread,105,94,7,1321.49,2068,746.51,36.1
2022-11-09,November,2022,Q4,Wednesday,Rusk,133,114,15,769.32,1368,598.68,43.76
2022-11-10,November,2022,Q4,Thursday,Cookies,161,148,8,1288.7,2220,931.3,41.95
2022-11-10,November,2022,Q4,Thursday,Bread,118,103,10,1350.72,2266,915.28,40.39
2022-11-10,November,2022,Q4,Thursday,Rusk,122,112,10,707.11,1344,636.89,47.39
2022-11-11,November,2022,Q4,Friday,Cookies,175,153,21,1394.19,2295,900.81,39.25
2022-11-11,November,2022,Q4,Friday,Bread,124,105,17,1430.88,2310,879.12,38.06
2022-11-11,November,2022,Q4,Friday,Rusk,176,162,14,1097.02,1944,846.98,43.57
2022-11-12,November,2022,Q4,Saturday,Cookies,198,168,26,1660.67,2520,859.33,34.1
2022-11-12,November,2022,Q4,Saturday,Bread,124,106,18,1471.55,2332,860.45,36.9
2022-11-12,November,2022,Q4,Saturday,Rusk,158,143,13,951.93,1716,764.07,44.53
2022-11-14,November,2022,Q4,Monday,Cookies,150,131,15,1205.0,1965,760.0,38.68
2022-11-14,November,2022,Q4,Monday,Bread,113,93,15,1347.92,2046,698.08,34.12
2022-11-14,November,2022,Q4,Monday,Rusk,129,117,9,750.36,1404,653.64,46.56
2022-11-15,November,2022,Q4,Tuesday,Cookies,147,132,12,1148.98,1980,831.02,41.97
2022-11-15,November,2022,Q4,Tuesday,Bread,118,101,12,1394.37,2222,827.63,37.25
2022-11-15,November,2022,Q4,Tuesday,Rusk,137,128,8,817.4,1536,718.6,46.78
2022-11-16,November,2022,Q4,Wednesday,Cookies,166,150,16,1314.96,2250,935.04,41.56
2022-11-16,November,2022,Q4,Wednesday,Bread,118,98,16,1433.47,2156,722.53,33.51
2022-11-16,November,2022,Q4,Wednesday,Rusk,136,116,15,791.63,1392,600.37,43.13
2022-11-17,November,2022,Q4,Thursday,Cookies,158,145,8,1260.91,2175,914.09,42.03
2022-11-17,November,2022,Q4,Thursday,Bread,108,100,7,1356.14,2200,843.86,38.36
2022-11-17,November,2022,Q4,Thursday,Rusk,146,129,17,878.92,1548,669.08,43.22
2022-11-18,November,2022,Q4,Friday,Cookies,208,190,13,1712.34,2850,1137.66,39.92
2022-11-18,November,2022,Q4,Friday,Bread,119,102,15,1395.98,2244,848.02,37.79
2022-11-18,November,2022,Q4,Friday,Rusk,174,144,25,1007.33,1728,720.67,41.71
2022-11-19,November,2022,Q4,Saturday,Cookies,192,160,28,1533.45,2400,866.55,36.11
2022-11-19,November,2022,Q4,Saturday,Bread,139,124,15,1647.21,2728,1080.79,39.62
2022-11-19,November,2022,Q4,Saturday,Rusk,155,141,10,954.35,1692,737.65,43.6
2022-11-21,November,2022,Q4,Monday,Cookies,158,143,15,1263.03,2145,881.97,41.12
2022-11-21,November,2022,Q4,Monday,Bread,109,93,14,1370.88,2046,675.12,33.0
2022-11-21,November,2022,Q4,Monday,Rusk,132,111,17,812.95,1332,519.05,38.97
2022-11-22,November,2022,Q4,Tuesday,Cookies,164,138,23,1272.7,2070,797.3,38.52
2022-11-22,November,2022,Q4,Tuesday,Bread,99,81,13,1180.77,1782,601.23,33.74
2022-11-22,November,2022,Q4,Tuesday,Rusk,144,122,20,826.2,1464,637.8,43.57
2022-11-23,November,2022,Q4,Wednesday,Cookies,174,158,16,1393.45,2370,976.55,41.2
2022-11-23,November,2022,Q4,Wednesday,Bread,110,91,15,1256.52,2002,745.48,37.24
2022-11-23,November,2022,Q4,Wednesday,Rusk,134,114,15,821.91,1368,546.09,39.92
2022-11-24,November,2022,Q4,Thursday,Cookies,168,156,10,1317.04,2340,1022.96,43.72
2022-11-24,November,2022,Q4,Thursday,Bread,104,91,13,1220.39,2002,781.61,39.04
2022-11-24,November,2022,Q4,Thursday,Rusk,127,106,18,724.58,1272,547.42,43.04
2022-11-25,November,2022,Q4,Friday,Cookies,213,185,25,1759.97,2775,1015.03,36.58
2022-11-25,November,2022,Q4,Friday,Bread,124,118,6,1523.39,2596,1072.61,41.32
2022-11-25,November,2022,Q4,Friday,Rusk,172,148,21,995.14,1776,780.86,43.97
2022-11-26,November,2022,Q4,Saturday,Cookies,204,177,25,1657.87,2655,997.13,37.56
2022-11-26,November,2022,Q4,Saturday,Bread,136,113,18,1650.54,2486,835.46,33.61
2022-11-26,November,2022,Q4,Saturday,Rusk,148,131,14,850.5,1572,721.5,45.9
2022-11-28,November,2022,Q4,Monday,Cookies,159,140,14,1216.8,2100,883.2,42.06
2022-11-28,November,2022,Q4,Monday,Bread,104,97,6,1286.47,2134,847.53,39.72
2022-11-28,November,2022,Q4,Monday,Rusk,147,136,8,922.14,1632,709.86,43.5
2022-11-29,November,2022,Q4,Tuesday,Cookies,162,149,12,1241.16,2235,993.84,44.47
2022-11-29,November,2022,Q4,Tuesday,Bread,108,90,13,1322.84,1980,657.16,33.19
2022-11-29,November,2022,Q4,Tuesday,Rusk,122,112,6,724.89,1344,619.11,46.06
2022-11-30,November,2022,Q4,Wednesday,Cookies,155,139,11,1212.84,2085,872.16,41.83
2022-11-30,November,2022,Q4,Wednesday,Bread,114,96,16,1355.02,2112,756.98,35.84
2022-11-30,November,2022,Q4,Wednesday,Rusk,145,130,11,867.95,1560,692.05,44.36
2022-12-01,December,2022,Q4,Thursday,Cookies,153,132,17,1282.63,1980,697.37,35.22
2022-12-01,December,2022,Q4,Thursday,Bread,110,98,9,1339.51,2156,816.49,37.87
2022-12-01,December,2022,Q4,Thursday,Rusk,124,104,17,744.23,1248,503.77,40.37
2022-12-02,December,2022,Q4,Friday,Cookies,192,169,20,1555.17,2535,979.83,38.65
2022-12-02,December,2022,Q4,Friday,Bread,118,100,13,1379.46,2200,820.54,37.3
2022-12-02,December,2022,Q4,Friday,Rusk,168,142,22,1038.64,1704,665.36,39.05
2022-12-03,December,2022,Q4,Saturday,Cookies,196,175,19,1512.0,2625,1113.0,42.4
2022-12-03,December,2022,Q4,Saturday,Bread,136,124,10,1631.46,2728,1096.54,40.2
2022-12-03,December,2022,Q4,Saturday,Rusk,155,145,9,942.05,1740,797.95,45.86
2022-12-05,December,2022,Q4,Monday,Cookies,147,129,18,1154.55,1935,780.45,40.33
2022-12-05,December,2022,Q4,Monday,Bread,97,86,9,1111.25,1892,780.75,41.27
2022-12-05,December,2022,Q4,Monday,Rusk,128,110,15,734.41,1320,585.59,44.36
2022-12-06,December,2022,Q4,Tuesday,Cookies,172,163,8,1341.16,2445,1103.84,45.15
2022-12-06,December,2022,Q4,Tuesday,Bread,113,101,9,1302.02,2222,919.98,41.4
2022-12-06,December,2022,Q4,Tuesday,Rusk,131,117,10,812.94,1404,591.06,42.1
2022-12-07,December,2022,Q4,Wednesday,Cookies,155,132,19,1288.59,1980,691.41,34.92
2022-12-07,December,2022,Q4,Wednesday,Bread,106,87,14,1256.39,1914,657.61,34.36
2022-12-07,December,2022,Q4,Wednesday,Rusk,147,136,8,898.5,1632,733.5,44.94
2022-12-08,December,2022,Q4,Thursday,Cookies,161,145,14,1305.09,2175,869.91,40.0
2022-12-08,December,2022,Q4,Thursday,Bread,112,107,5,1299.24,2354,1054.76,44.81
2022-12-08,December,2022,Q4,Thursday,Rusk,140,121,16,879.15,1452,572.85,39.45
2022-12-09,December,2022,Q4,Friday,Cookies,204,173,29,1665.05,2595,929.95,35.84
2022-12-09,December,2022,Q4,Friday,Bread,124,116,7,1529.94,2552,1022.06,40.05
2022-12-09,December,2022,Q4,Friday,Rusk,166,154,9,982.06,1848,865.94,46.86
2022-12-10,December,2022,Q4,Saturday,Cookies,212,190,21,1684.59,2850,1165.41,40.89
2022-12-10,December,2022,Q4,Saturday,Bread,128,117,9,1515.83,2574,1058.17,41.11
2022-12-10,December,2022,Q4,Saturday,Rusk,157,147,8,967.2,1764,796.8,45.17
2022-12-12,December,2022,Q4,Monday,Cookies,159,136,21,1316.56,2040,723.44,35.46
2022-12-12,December,2022,Q4,Monday,Bread,101,88,11,1208.64,1936,727.36,37.57
2022-12-12,December,2022,Q4,Monday,Rusk,145,131,10,885.47,1572,686.53,43.67
2022-12-13,December,2022,Q4,Tuesday,Cookies,165,147,13,1272.03,2205,932.97,42.31
2022-12-13,December,2022,Q4,Tuesday,Bread,111,96,13,1307.44,2112,804.56,38.09
2022-12-13,December,2022,Q4,Tuesday,Rusk,138,122,12,845.65,1464,618.35,42.24
2022-12-14,December,2022,Q4,Wednesday,Cookies,152,131,21,1190.15,1965,774.85,39.43
2022-12-14,December,2022,Q4,Wednesday,Bread,105,96,5,1211.05,2112,900.95,42.66
2022-12-14,December,2022,Q4,Wednesday,Rusk,135,124,10,837.17,1488,650.83,43.74
2022-12-15,December,2022,Q4,Thursday,Cookies,146,134,12,1149.0,2010,861.0,42.84
2022-12-15,December,2022,Q4,Thursday,Bread,97,90,6,1153.95,1980,826.05,41.72
2022-12-15,December,2022,Q4,Thursday,Rusk,134,117,12,806.49,1404,597.51,42.56
2022-12-16,December,2022,Q4,Friday,Cookies,198,185,10,1578.31,2775,1196.69,43.12
2022-12-16,December,2022,Q4,Friday,Bread,141,124,14,1722.04,2728,1005.96,36.88
2022-12-16,December,2022,Q4,Friday,Rusk,155,132,19,955.38,1584,628.62,39.69
2022-12-17,December,2022,Q4,Saturday,Cookies,195,166,28,1501.59,2490,988.41,39.7
2022-12-17,December,2022,Q4,Saturday,Bread,117,98,14,1447.12,2156,708.88,32.88
2022-12-17,December,2022,Q4,Saturday,Rusk,149,135,11,850.87,1620,769.13,47.48
2022-12-19,December,2022,Q4,Monday,Cookies,155,131,19,1242.23,1965,722.77,36.78
2022-12-19,December,2022,Q4,Monday,Bread,104,90,9,1185.77,1980,794.23,40.11
2022-12-19,December,2022,Q4,Monday,Rusk,129,112,14,810.7,1344,533.3,39.68
2022-12-20,December,2022,Q4,Tuesday,Cookies,173,161,9,1439.16,2415,975.84,40.41
2022-12-20,December,2022,Q4,Tuesday,Bread,114,100,14,1362.25,2200,837.75,38.08
2022-12-20,December,2022,Q4,Tuesday,Rusk,132,122,10,757.6,1464,706.4,48.25
2022-12-21,December,2022,Q4,Wednesday,Cookies,153,140,11,1222.05,2100,877.95,41.81
2022-12-21,December,2022,Q4,Wednesday,Bread,113,101,11,1296.04,2222,925.96,41.67
2022-12-21,December,2022,Q4,Wednesday,Rusk,147,123,21,907.15,1476,568.85,38.54
2022-12-22,December,2022,Q4,Thursday,Cookies,177,154,18,1481.53,2310,828.47,35.86
2022-12-22,December,2022,Q4,Thursday,Bread,98,89,8,1143.7,1958,814.3,41.59
2022-12-22,December,2022,Q4,Thursday,Rusk,126,116,8,765.25,1392,626.75,45.03
2022-12-23,December,2022,Q4,Friday,Cookies,205,178,22,1582.1,2670,1087.9,40.75
2022-12-23,December,2022,Q4,Friday,Bread,137,118,15,1625.61,2596,970.39,37.38
2022-12-23,December,2022,Q4,Friday,Rusk,167,153,12,986.49,1836,849.51,46.27
2022-12-24,December,2022,Q4,Saturday,Cookies,210,191,16,1674.96,2865,1190.04,41.54
2022-12-24,December,2022,Q4,Saturday,Bread,139,119,16,1594.98,2618,1023.02,39.08
2022-12-24,December,2022,Q4,Saturday,Rusk,150,139,7,911.78,1668,756.22,45.34
2022-12-26,December,2022,Q4,Monday,Cookies,160,148,10,1338.62,2220,881.38,39.7
2022-12-26,December,2022,Q4,Monday,Bread,108,97,8,1296.08,2134,837.92,39.27
2022-12-26,December,2022,Q4,Monday,Rusk,139,126,8,815.21,1512,696.79,46.08
2022-12-27,December,2022,Q4,Tuesday,Cookies,171,151,16,1374.37,2265,890.63,39.32
2022-12-27,December,2022,Q4,Tuesday,Bread,106,99,5,1229.48,2178,948.52,43.55
2022-12-27,December,2022,Q4,Tuesday,Rusk,133,122,9,762.09,1464,701.91,47.94
2022-12-28,December,2022,Q4,Wednesday,Cookies,173,143,25,1424.57,2145,720.43,33.59
2022-12-28,December,2022,Q4,Wednesday,Bread,115,104,8,1443.57,2288,844.43,36.91
2022-12-28,December,2022,Q4,Wednesday,Rusk,126,106,18,793.41,1272,478.59,37.62
2022-12-29,December,2022,Q4,Thursday,Cookies,168,142,24,1353.35,2130,776.65,36.46
2022-12-29,December,2022,Q4,Thursday,Bread,102,91,9,1235.45,2002,766.55,38.29
2022-12-29,December,2022,Q4,Thursday,Rusk,123,109,13,773.51,1308,534.49,40.86
2022-12-30,December,2022,Q4,Friday,Cookies,182,159,23,1515.39,2385,869.61,36.46
2022-12-30,December,2022,Q4,Friday,Bread,141,116,20,1695.63,2552,856.37,33.56
2022-12-30,December,2022,Q4,Friday,Rusk,177,154,22,1026.07,1848,821.93,44.48
2022-12-31,December,2022,Q4,Saturday,Cookies,193,168,23,1504.99,2520,1015.01,40.28
2022-12-31,December,2022,Q4,Saturday,Bread,133,118,15,1542.17,2596,1053.83,40.59
2022-12-31,December,2022,Q4,Saturday,Rusk,164,139,20,983.89,1668,684.11,41.01
2023-01-02,January,2023,Q1,Monday,Cookies,146,135,7,1151.3,2025,873.7,43.15
2023-01-02,January,2023,Q1,Monday,Bread,117,104,8,1422.86,2288,865.14,37.81
2023-01-02,January,2023,Q1,Monday,Rusk,127,116,10,788.52,1392,603.48,43.35
2023-01-03,January,2023,Q1,Tuesday,Cookies,169,158,10,1342.36,2370,1027.64,43.36
2023-01-03,January,2023,Q1,Tuesday,Bread,97,87,9,1182.91,1914,731.09,38.2
2023-01-03,January,2023,Q1,Tuesday,Rusk,124,110,9,736.4,1320,583.6,44.21
2023-01-04,January,2023,Q1,Wednesday,Cookies,175,146,26,1336.29,2190,853.71,38.98
2023-01-04,January,2023,Q1,Wednesday,Bread,113,102,9,1341.42,2244,902.58,40.22
2023-01-04,January,2023,Q1,Wednesday,Rusk,141,117,19,884.15,1404,519.85,37.03
2023-01-05,January,2023,Q1,Thursday,Cookies,164,146,14,1349.73,2190,840.27,38.37
2023-01-05,January,2023,Q1,Thursday,Bread,102,88,10,1206.69,1936,729.31,37.67
2023-01-05,January,2023,Q1,Thursday,Rusk,139,125,10,808.28,1500,691.72,46.11
2023-01-06,January,2023,Q1,Friday,Cookies,210,196,12,1681.0,2940,1259.0,42.82
2023-01-06,January,2023,Q1,Friday,Bread,122,116,6,1396.07,2552,1155.93,45.3
2023-01-06,January,2023,Q1,Friday,Rusk,151,130,20,886.29,1560,673.71,43.19
2023-01-07,January,2023,Q1,Saturday,Cookies,211,187,22,1677.3,2805,1127.7,40.2
2023-01-07,January,2023,Q1,Saturday,Bread,131,117,13,1612.68,2574,961.32,37.35
2023-01-07,January,2023,Q1,Saturday,Rusk,154,139,13,960.41,1668,707.59,42.42
2023-01-09,January,2023,Q1,Monday,Cookies,176,151,24,1396.66,2265,868.34,38.34
2023-01-09,January,2023,Q1,Monday,Bread,114,101,11,1367.66,2222,854.34,38.45
2023-01-09,January,2023,Q1,Monday,Rusk,127,114,13,738.08,1368,629.92,46.05
2023-01-10,January,2023,Q1,Tuesday,Cookies,156,130,21,1211.44,1950,738.56,37.87
2023-01-10,January,2023,Q1,Tuesday,Bread,98,89,5,1227.84,1958,730.16,37.29
2023-01-10,January,2023,Q1,Tuesday,Rusk,135,122,12,835.18,1464,628.82,42.95
2023-01-11,January,2023,Q1,Wednesday,Cookies,172,156,14,1402.64,2340,937.36,40.06
2023-01-11,January,2023,Q1,Wednesday,Bread,113,100,13,1308.76,2200,891.24,40.51
2023-01-11,January,2023,Q1,Wednesday,Rusk,145,130,15,851.08,1560,708.92,45.44
2023-01-12,January,2023,Q1,Thursday,Cookies,159,147,8,1224.66,2205,980.34,44.46
2023-01-12,January,2023,Q1,Thursday,Bread,113,106,5,1344.69,2332,987.31,42.34
2023-01-12,January,2023,Q1,Thursday,Rusk,135,123,7,848.32,1476,627.68,42.53
2023-01-13,January,2023,Q1,Friday,Cookies,183,168,14,1435.3,2520,1084.7,43.04
2023-01-13,January,2023,Q1,Friday,Bread,122,111,6,1497.58,2442,944.42,38.67
2023-01-13,January,2023,Q1,Friday,Rusk,177,162,12,1079.32,1944,864.68,44.48
2023-01-14,January,2023,Q1,Saturday,Cookies,203,176,27,1611.43,2640,1028.57,38.96
2023-01-14,January,2023,Q1,Saturday,Bread,124,114,10,1519.64,2508,988.36,39.41
2023-01-14,January,2023,Q1,Saturday,Rusk,172,157,11,1018.68,1884,865.32,45.93
2023-01-16,January,2023,Q1,Monday,Cookies,175,151,22,1467.88,2265,797.12,35.19
2023-01-16,January,2023,Q1,Monday,Bread,113,100,10,1368.29,2200,831.71,37.8
2023-01-16,January,2023,Q1,Monday,Rusk,139,128,8,837.71,1536,698.29,45.46
2023-01-17,January,2023,Q1,Tuesday,Cookies,168,154,11,1381.72,2310,928.28,40.19
2023-01-17,January,2023,Q1,Tuesday,Bread,109,92,15,1248.15,2024,775.85,38.33
2023-01-17,January,2023,Q1,Tuesday,Rusk,128,113,14,752.38,1356,603.62,44.51
2023-01-18,January,2023,Q1,Wednesday,Cookies,168,147,21,1290.58,2205,914.42,41.47
2023-01-18,January,2023,Q1,Wednesday,Bread,108,96,10,1279.06,2112,832.94,39.44
2023-01-18,January,2023,Q1,Wednesday,Rusk,146,124,19,893.28,1488,594.72,39.97
2023-01-19,January,2023,Q1,Thursday,Cookies,168,152,16,1400.58,2280,879.42,38.57
2023-01-19,January,2023,Q1,Thursday,Bread,112,99,13,1392.61,2178,785.39,36.06
2023-01-19,January,2023,Q1,Thursday,Rusk,128,109,16,744.59,1308,563.41,43.07
2023-01-20,January,2023,Q1,Friday,Cookies,188,170,15,1575.97,2550,974.03,38.2
2023-01-20,January,2023,Q1,Friday,Bread,138,122,16,1693.6,2684,990.4,36.9
2023-01-20,January,2023,Q1,Friday,Rusk,164,137,23,983.63,1644,660.37,40.17
2023-01-21,January,2023,Q1,Saturday,Cookies,189,172,12,1555.27,2580,1024.73,39.72
2023-01-21,January,2023,Q1,Saturday,Bread,135,119,11,1543.08,2618,1074.92,41.06
2023-01-21,January,2023,Q1,Saturday,Rusk,172,164,8,1053.02,1968,914.98,46.49
2023-01-23,January,2023,Q1,Monday,Cookies,177,160,16,1378.47,2400,1021.53,42.56
2023-01-23,January,2023,Q1,Monday,Bread,112,97,14,1350.24,2134,783.76,36.73
2023-01-23,January,2023,Q1,Monday,Rusk,147,135,8,882.42,1620,737.58,45.53
2023-01-24,January,2023,Q1,Tuesday,Cookies,169,144,23,1308.64,2160,851.36,39.41
2023-01-24,January,2023,Q1,Tuesday,Bread,114,102,12,1353.85,2244,890.15,39.67
2023-01-24,January,2023,Q1,Tuesday,Rusk,125,107,17,724.3,1284,559.7,43.59
2023-01-25,January,2023,Q1,Wednesday,Cookies,155,143,12,1286.06,2145,858.94,40.04
2023-01-25,January,2023,Q1,Wednesday,Bread,111,93,14,1298.76,2046,747.24,36.52
2023-01-25,January,2023,Q1,Wednesday,Rusk,138,121,14,855.56,1452,596.44,41.08
2023-01-26,January,2023,Q1,Thursday,Cookies,175,163,8,1424.36,2445,1020.64,41.74
2023-01-26,January,2023,Q1,Thursday,Bread,98,84,10,1151.03,1848,696.97,37.71
2023-01-26,January,2023,Q1,Thursday,Rusk,129,114,11,783.39,1368,584.61,42.73
2023-01-27,January,2023,Q1,Friday,Cookies,187,163,23,1481.72,2445,963.28,39.4
2023-01-27,January,2023,Q1,Friday,Bread,118,99,15,1385.66,2178,792.34,36.38
2023-01-27,January,2023,Q1,Friday,Rusk,159,138,18,938.02,1656,717.98,43.36
2023-01-28,January,2023,Q1,Saturday,Cookies,177,159,15,1478.93,2385,906.07,37.99
2023-01-28,January,2023,Q1,Saturday,Bread,133,115,15,1617.11,2530,912.89,36.08
2023-01-28,January,2023,Q1,Saturday,Rusk,152,137,13,934.89,1644,709.11,43.13
2023-01-30,January,2023,Q1,Monday,Cookies,149,134,11,1165.34,2010,844.66,42.02
2023-01-30,January,2023,Q1,Monday,Bread,106,88,15,1216.99,1936,719.01,37.14
2023-01-30,January,2023,Q1,Monday,Rusk,135,124,9,848.12,1488,639.88,43.0
2023-01-31,January,2023,Q1,Tuesday,Cookies,149,132,13,1220.36,1980,759.64,38.37
2023-01-31,January,2023,Q1,Tuesday,Bread,112,98,10,1323.37,2156,832.63,38.62
2023-01-31,January,2023,Q1,Tuesday,Rusk,132,122,10,768.66,1464,695.34,47.5
2023-02-01,February,2023,Q1,Wednesday,Cookies,119,106,9,931.77,1590,658.23,41.4
2023-02-01,February,2023,Q1,Wednesday,Bread,82,65,12,994.2,1430,435.8,30.48
2023-02-01,February,2023,Q1,Wednesday,Rusk,91,86,5,570.65,1032,461.35,44.7
2023-02-02,February,2023,Q1,Thursday,Cookies,115,108,6,929.11,1620,690.89,42.65
2023-02-02,February,2023,Q1,Thursday,Bread,81,67,9,949.39,1474,524.61,35.59
2023-02-02,February,2023,Q1,Thursday,Rusk,90,76,13,526.55,912,385.45,42.26
2023-02-03,February,2023,Q1,Friday,Cookies,149,130,17,1205.11,1950,744.89,38.2
2023-02-03,February,2023,Q1,Friday,Bread,92,80,7,1114.78,1760,645.22,36.66
2023-02-03,February,2023,Q1,Friday,Rusk,128,110,18,737.73,1320,582.27,44.11
2023-02-04,February,2023,Q1,Saturday,Cookies,134,114,19,1097.36,1710,612.64,35.83
2023-02-04,February,2023,Q1,Saturday,Bread,103,95,7,1246.83,2090,843.17,40.34
2023-02-04,February,2023,Q1,Saturday,Rusk,124,109,14,737.17,1308,570.83,43.64
2023-02-06,February,2023,Q1,Monday,Cookies,108,93,11,842.67,1395,552.33,39.59
2023-02-06,February,2023,Q1,Monday,Bread,79,68,11,938.43,1496,557.57,37.27
2023-02-06,February,2023,Q1,Monday,Rusk,106,98,7,646.97,1176,529.03,44.99
2023-02-07,February,2023,Q1,Tuesday,Cookies,131,124,7,996.47,1860,863.53,46.43
2023-02-07,February,2023,Q1,Tuesday,Bread,78,71,4,959.25,1562,602.75,38.59
2023-02-07,February,2023,Q1,Tuesday,Rusk,108,95,10,632.36,1140,507.64,44.53
2023-02-08,February,2023,Q1,Wednesday,Cookies,118,99,14,897.65,1485,587.35,39.55
2023-02-08,February,2023,Q1,Wednesday,Bread,81,68,9,985.38,1496,510.62,34.13
2023-02-08,February,2023,Q1,Wednesday,Rusk,94,80,11,540.95,960,419.05,43.65
2023-02-09,February,2023,Q1,Thursday,Cookies,112,95,15,917.39,1425,507.61,35.62
2023-02-09,February,2023,Q1,Thursday,Bread,72,67,5,839.32,1474,634.68,43.06
2023-02-09,February,2023,Q1,Thursday,Rusk,95,87,7,545.06,1044,498.94,47.79
2023-02-10,February,2023,Q1,Friday,Cookies,142,123,17,1148.12,1845,696.88,37.77
2023-02-10,February,2023,Q1,Friday,Bread,99,89,5,1241.64,1958,716.36,36.59
2023-02-10,February,2023,Q1,Friday,Rusk,128,110,16,792.81,1320,527.19,39.94
2023-02-11,February,2023,Q1,Saturday,Cookies,156,135,16,1210.6,2025,814.4,40.22
2023-02-11,February,2023,Q1,Saturday,Bread,98,83,12,1203.98,1826,622.02,34.06
2023-02-11,February,2023,Q1,Saturday,Rusk,120,114,6,710.72,1368,657.28,48.05
2023-02-13,February,2023,Q1,Monday,Cookies,130,111,14,1043.99,1665,621.01,37.3
2023-02-13,February,2023,Q1,Monday,Bread,76,69,6,948.06,1518,569.94,37.55
2023-02-13,February,2023,Q1,Monday,Rusk,103,88,13,615.18,1056,440.82,41.74
2023-02-14,February,2023,Q1,Tuesday,Cookies,123,109,9,1004.22,1635,630.78,38.58
2023-02-14,February,2023,Q1,Tuesday,Bread,78,67,7,949.98,1474,524.02,35.55
2023-02-14,February,2023,Q1,Tuesday,Rusk,108,97,6,669.04,1164,494.96,42.52
2023-02-15,February,2023,Q1,Wednesday,Cookies,115,104,10,876.02,1560,683.98,43.84
2023-02-15,February,2023,Q1,Wednesday,Bread,76,66,7,871.52,1452,580.48,39.98
2023-02-15,February,2023,Q1,Wednesday,Rusk,99,85,14,570.56,1020,449.44,44.06
2023-02-16,February,2023,Q1,Thursday,Cookies,126,111,11,1023.64,1665,641.36,38.52
2023-02-16,February,2023,Q1,Thursday,Bread,76,70,5,881.03,1540,658.97,42.79
2023-02-16,February,2023,Q1,Thursday,Rusk,91,80,6,554.97,960,405.03,42.19
2023-02-17,February,2023,Q1,Friday,Cookies,154,133,20,1254.81,1995,740.19,37.1
2023-02-17,February,2023,Q1,Friday,Bread,88,80,6,1035.92,1760,724.08,41.14
2023-02-17,February,2023,Q1,Friday,Rusk,113,101,11,680.41,1212,531.59,43.86
2023-02-18,February,2023,Q1,Saturday,Cookies,139,128,11,1148.54,1920,771.46,40.18
2023-02-18,February,2023,Q1,Saturday,Bread,101,93,8,1262.15,2046,783.85,38.31
2023-02-18,February,2023,Q1,Saturday,Rusk,130,119,10,768.65,1428,659.35,46.17
2023-02-20,February,2023,Q1,Monday,Cookies,120,101,17,996.13,1515,518.87,34.25
2023-02-20,February,2023,Q1,Monday,Bread,73,63,6,880.68,1386,505.32,36.46
2023-02-20,February,2023,Q1,Monday,Rusk,100,89,6,621.53,1068,446.47,41.8
2023-02-21,February,2023,Q1,Tuesday,Cookies,124,104,16,1027.59,1560,532.41,34.13
2023-02-21,February,2023,Q1,Tuesday,Bread,83,74,7,1007.01,1628,620.99,38.14
2023-02-21,February,2023,Q1,Tuesday,Rusk,93,80,10,540.1,960,419.9,43.74
2023-02-22,February,2023,Q1,Wednesday,Cookies,124,115,9,954.06,1725,770.94,44.69
2023-02-22,February,2023,Q1,Wednesday,Bread,74,68,3,907.42,1496,588.58,39.34
2023-02-22,February,2023,Q1,Wednesday,Rusk,104,89,10,602.87,1068,465.13,43.55
2023-02-23,February,2023,Q1,Thursday,Cookies,110,103,5,850.59,1545,694.41,44.95
2023-02-23,February,2023,Q1,Thursday,Bread,86,75,6,1016.96,1650,633.04,38.37
2023-02-23,February,2023,Q1,Thursday,Rusk,92,83,6,553.06,996,442.94,44.47
2023-02-24,February,2023,Q1,Friday,Cookies,147,135,10,1123.99,2025,901.01,44.49
2023-02-24,February,2023,Q1,Friday,Bread,93,83,6,1084.7,1826,741.3,40.6
2023-02-24,February,2023,Q1,Friday,Rusk,131,113,14,790.47,1356,565.53,41.71
2023-02-25,February,2023,Q1,Saturday,Cookies,141,125,13,1132.61,1875,742.39,39.59
2023-02-25,February,2023,Q1,Saturday,Bread,99,85,11,1149.0,1870,721.0,38.56
2023-02-25,February,2023,Q1,Saturday,Rusk,120,110,10,746.68,1320,573.32,43.43
2023-02-27,February,2023,Q1,Monday,Cookies,123,107,12,946.15,1605,658.85,41.05
2023-02-27,February,2023,Q1,Monday,Bread,81,77,4,956.18,1694,737.82,43.55
2023-02-27,February,2023,Q1,Monday,Rusk,92,79,10,535.79,948,412.21,43.48
2023-02-28,February,2023,Q1,Tuesday,Cookies,117,96,16,908.32,1440,531.68,36.92
2023-02-28,February,2023,Q1,Tuesday,Bread,80,71,7,913.74,1562,648.26,41.5
2023-02-28,February,2023,Q1,Tuesday,Rusk,105,96,5,628.38,1152,523.62,45.45
2023-03-01,March,2023,Q1,Wednesday,Cookies,121,106,13,986.26,1590,603.74,37.97
2023-03-01,March,2023,Q1,Wednesday,Bread,76,73,3,932.38,1606,673.62,41.94
2023-03-01,March,2023,Q1,Wednesday,Rusk,100,87,13,619.28,1044,424.72,40.68
2023-03-02,March,2023,Q1,Thursday,Cookies,128,115,12,1006.96,1725,718.04,41.63
2023-03-02,March,2023,Q1,Thursday,Bread,84,72,7,976.09,1584,607.91,38.38
2023-03-02,March,2023,Q1,Thursday,Rusk,107,89,14,639.84,1068,428.16,40.09
2023-03-03,March,2023,Q1,Friday,Cookies,131,116,11,1079.81,1740,660.19,37.94
2023-03-03,March,2023,Q1,Friday,Bread,103,96,7,1182.48,2112,929.52,44.01
2023-03-03,March,2023,Q1,Friday,Rusk,129,113,11,777.23,1356,578.77,42.68
2023-03-04,March,2023,Q1,Saturday,Cookies,157,147,8,1274.63,2205,930.37,42.19
2023-03-04,March,2023,Q1,Saturday,Bread,87,76,7,1075.72,1672,596.28,35.66
2023-03-04,March,2023,Q1,Saturday,Rusk,118,101,17,712.18,1212,499.82,41.24
2023-03-06,March,2023,Q1,Monday,Cookies,115,106,8,906.25,1590,683.75,43.0
2023-03-06,March,2023,Q1,Monday,Bread,77,70,4,911.95,1540,628.05,40.78
2023-03-06,March,2023,Q1,Monday,Rusk,99,83,12,603.31,996,392.69,39.43
2023-03-07,March,2023,Q1,Tuesday,Cookies,125,114,6,971.77,1710,738.23,43.17
2023-03-07,March,2023,Q1,Tuesday,Bread,82,71,8,935.32,1562,626.68,40.12
2023-03-07,March,2023,Q1,Tuesday,Rusk,106,91,13,639.08,1092,452.92,41.48
2023-03-08,March,2023,Q1,Wednesday,Cookies,109,95,13,879.3,1425,545.7,38.29
2023-03-08,March,2023,Q1,Wednesday,Bread,84,70,10,1038.54,1540,501.46,32.56
2023-03-08,March,2023,Q1,Wednesday,Rusk,100,91,6,610.27,1092,481.73,44.11
2023-03-09,March,2023,Q1,Thursday,Cookies,122,102,15,943.78,1530,586.22,38.32
2023-03-09,March,2023,Q1,Thursday,Bread,75,62,10,922.5,1364,441.5,32.37
2023-03-09,March,2023,Q1,Thursday,Rusk,108,95,13,654.3,1140,485.7,42.61
2023-03-10,March,2023,Q1,Friday,Cookies,148,125,20,1193.33,1875,681.67,36.36
2023-03-10,March,2023,Q1,Friday,Bread,98,90,6,1172.93,1980,807.07,40.76
2023-03-10,March,2023,Q1,Friday,Rusk,125,113,9,727.67,1356,628.33,46.34
2023-03-11,March,2023,Q1,Saturday,Cookies,138,126,10,1072.53,1890,817.47,43.25
2023-03-11,March,2023,Q1,Saturday,Bread,94,79,13,1128.8,1738,609.2,35.05
2023-03-11,March,2023,Q1,Saturday,Rusk,112,101,6,685.18,1212,526.82,43.47
2023-03-13,March,2023,Q1,Monday,Cookies,117,102,15,950.93,1530,579.07,37.85
2023-03-13,March,2023,Q1,Monday,Bread,84,77,6,1027.39,1694,666.61,39.35
2023-03-13,March,2023,Q1,Monday,Rusk,95,80,13,577.77,960,382.23,39.82
2023-03-14,March,2023,Q1,Tuesday,Cookies,115,104,8,891.57,1560,668.43,42.85
2023-03-14,March,2023,Q1,Tuesday,Bread,83,73,5,1005.49,1606,600.51,37.39
2023-03-14,March,2023,Q1,Tuesday,Rusk,95,81,11,587.95,972,384.05,39.51
2023-03-15,March,2023,Q1,Wednesday,Cookies,126,109,15,976.52,1635,658.48,40.27
2023-03-15,March,2023,Q1,Wednesday,Bread,73,60,8,864.47,1320,455.53,34.51
2023-03-15,March,2023,Q1,Wednesday,Rusk,98,90,5,573.86,1080,506.14,46.86
2023-03-16,March,2023,Q1,Thursday,Cookies,108,90,14,841.83,1350,508.17,37.64
2023-03-16,March,2023,Q1,Thursday,Bread,80,76,4,976.02,1672,695.98,41.63
2023-03-16,March,2023,Q1,Thursday,Rusk,96,80,13,598.36,960,361.64,37.67
2023-03-17,March,2023,Q1,Friday,Cookies,138,119,19,1158.78,1785,626.22,35.08
2023-03-17,March,2023,Q1,Friday,Bread,102,87,13,1193.28,1914,720.72,37.66
2023-03-17,March,2023,Q1,Friday,Rusk,121,113,6,696.59,1356,659.41,48.63
2023-03-18,March,2023,Q1,Saturday,Cookies,158,143,13,1295.37,2145,849.63,39.61
2023-03-18,March,2023,Q1,Saturday,Bread,101,88,13,1272.31,1936,663.69,34.28
2023-03-18,March,2023,Q1,Saturday,Rusk,113,104,6,671.98,1248,576.02,46.16
2023-03-20,March,2023,Q1,Monday,Cookies,111,102,5,875.61,1530,654.39,42.77
2023-03-20,March,2023,Q1,Monday,Bread,84,76,8,989.13,1672,682.87,40.84
2023-03-20,March,2023,Q1,Monday,Rusk,103,91,7,587.99,1092,504.01,46.15
2023-03-21,March,2023,Q1,Tuesday,Cookies,126,108,14,1034.44,1620,585.56,36.15
2023-03-21,March,2023,Q1,Tuesday,Bread,72,60,9,874.33,1320,445.67,33.76
2023-03-21,March,2023,Q1,Tuesday,Rusk,101,87,11,628.08,1044,415.92,39.84
2023-03-22,March,2023,Q1,Wednesday,Cookies,122,109,13,1023.89,1635,611.11,37.38
2023-03-22,March,2023,Q1,Wednesday,Bread,84,76,7,1028.91,1672,643.09,38.46
2023-03-22,March,2023,Q1,Wednesday,Rusk,97,86,7,587.64,1032,444.36,43.06
2023-03-23,March,2023,Q1,Thursday,Cookies,130,110,18,1023.56,1650,626.44,37.97
2023-03-23,March,2023,Q1,Thursday,Bread,80,71,5,1007.58,1562,554.42,35.49
2023-03-23,March,2023,Q1,Thursday,Rusk,109,94,12,673.91,1128,454.09,40.26
2023-03-24,March,2023,Q1,Friday,Cookies,150,129,16,1146.4,1935,788.6,40.75
2023-03-24,March,2023,Q1,Friday,Bread,95,81,11,1160.24,1782,621.76,34.89
2023-03-24,March,2023,Q1,Friday,Rusk,116,100,16,672.85,1200,527.15,43.93
2023-03-25,March,2023,Q1,Saturday,Cookies,144,126,17,1174.71,1890,715.29,37.85
2023-03-25,March,2023,Q1,Saturday,Bread,98,89,7,1135.57,1958,822.43,42.0
2023-03-25,March,2023,Q1,Saturday,Rusk,123,106,13,714.34,1272,557.66,43.84
2023-03-27,March,2023,Q1,Monday,Cookies,124,112,11,1008.64,1680,671.36,39.96
2023-03-27,March,2023,Q1,Monday,Bread,85,78,5,970.95,1716,745.05,43.42
2023-03-27,March,2023,Q1,Monday,Rusk,105,91,11,642.58,1092,449.42,41.16
2023-03-28,March,2023,Q1,Tuesday,Cookies,128,107,16,1071.2,1605,533.8,33.26
2023-03-28,March,2023,Q1,Tuesday,Bread,80,70,7,950.58,1540,589.42,38.27
2023-03-28,March,2023,Q1,Tuesday,Rusk,93,84,9,545.56,1008,462.44,45.88
2023-03-29,March,2023,Q1,Wednesday,Cookies,130,116,14,1049.66,1740,690.34,39.67
2023-03-29,March,2023,Q1,Wednesday,Bread,77,68,4,880.73,1496,615.27,41.13
2023-03-29,March,2023,Q1,Wednesday,Rusk,98,89,5,594.28,1068,473.72,44.36
2023-03-30,March,2023,Q1,Thursday,Cookies,129,111,17,1048.41,1665,616.59,37.03
2023-03-30,March,2023,Q1,Thursday,Bread,75,60,10,934.75,1320,385.25,29.19
2023-03-30,March,2023,Q1,Thursday,Rusk,93,81,11,546.09,972,425.91,43.82
2023-03-31,March,2023,Q1,Friday,Cookies,152,128,22,1158.85,1920,761.15,39.64
2023-03-31,March,2023,Q1,Friday,Bread,103,88,11,1294.51,1936,641.49,33.13
2023-03-31,March,2023,Q1,Friday,Rusk,119,103,16,682.75,1236,553.25,44.76
2023-04-01,April,2023,Q2,Saturday,Cookies,139,128,7,1164.86,1920,755.14,39.33
2023-04-01,April,2023,Q2,Saturday,Bread,102,86,13,1277.61,1892,614.39,32.47
2023-04-01,April,2023,Q2,Saturday,Rusk,110,101,9,631.69,1212,580.31,47.88
2023-04-03,April,2023,Q2,Monday,Cookies,113,104,8,901.21,1560,658.79,42.23
2023-04-03,April,2023,Q2,Monday,Bread,76,72,4,881.68,1584,702.32,44.34
2023-04-03,April,2023,Q2,Monday,Rusk,92,76,13,566.31,912,345.69,37.9
2023-04-04,April,2023,Q2,Tuesday,Cookies,131,119,12,1024.77,1785,760.23,42.59
2023-04-04,April,2023,Q2,Tuesday,Bread,84,73,6,987.78,1606,618.22,38.49
2023-04-04,April,2023,Q2,Tuesday,Rusk,94,88,5,550.26,1056,505.74,47.89
2023-04-05,April,2023,Q2,Wednesday,Cookies,116,100,13,887.41,1500,612.59,40.84
2023-04-05,April,2023,Q2,Wednesday,Bread,75,61,9,868.22,1342,473.78,35.3
2023-04-05,April,2023,Q2,Wednesday,Rusk,96,81,13,556.12,972,415.88,42.79
2023-04-06,April,2023,Q2,Thursday,Cookies,109,95,10,854.77,1425,570.23,40.02
2023-04-06,April,2023,Q2,Thursday,Bread,81,66,10,936.73,1452,515.27,35.49
2023-04-06,April,2023,Q2,Thursday,Rusk,101,89,10,584.43,1068,483.57,45.28
2023-04-07,April,2023,Q2,Friday,Cookies,147,133,11,1174.57,1995,820.43,41.12
2023-04-07,April,2023,Q2,Friday,Bread,87,76,8,1023.79,1672,648.21,38.77
2023-04-07,April,2023,Q2,Friday,Rusk,127,117,7,755.8,1404,648.2,46.17
2023-04-08,April,2023,Q2,Saturday,Cookies,142,124,17,1144.44,1860,715.56,38.47
2023-04-08,April,2023,Q2,Saturday,Bread,99,84,12,1231.03,1848,616.97,33.39
2023-04-08,April,2023,Q2,Saturday,Rusk,115,100,11,713.47,1200,486.53,40.54
2023-04-10,April,2023,Q2,Monday,Cookies,131,112,18,1034.53,1680,645.47,38.42
2023-04-10,April,2023,Q2,Monday,Bread,75,65,7,921.75,1430,508.25,35.54
2023-04-10,April,2023,Q2,Monday,Rusk,99,89,9,614.09,1068,453.91,42.5
2023-04-11,April,2023,Q2,Tuesday,Cookies,116,97,15,919.35,1455,535.65,36.81
2023-04-11,April,2023,Q2,Tuesday,Bread,77,66,7,948.25,1452,503.75,34.69
2023-04-11,April,2023,Q2,Tuesday,Rusk,92,81,6,576.92,972,395.08,40.65
2023-04-12,April,2023,Q2,Wednesday,Cookies,112,100,11,903.11,1500,596.89,39.79
2023-04-12,April,2023,Q2,Wednesday,Bread,79,70,9,922.39,1540,617.61,40.1
2023-04-12,April,2023,Q2,Wednesday,Rusk,101,91,8,615.8,1092,476.2,43.61
2023-04-13,April,2023,Q2,Thursday,Cookies,111,97,11,860.05,1455,594.95,40.89
2023-04-13,April,2023,Q2,Thursday,Bread,76,69,5,883.07,1518,634.93,41.83
2023-04-13,April,2023,Q2,Thursday,Rusk,106,94,8,663.17,1128,464.83,41.21
2023-04-14,April,2023,Q2,Friday,Cookies,157,139,16,1211.16,2085,873.84,41.91
2023-04-14,April,2023,Q2,Friday,Bread,93,81,12,1101.2,1782,680.8,38.2
2023-04-14,April,2023,Q2,Friday,Rusk,110,97,11,682.78,1164,481.22,41.34
2023-04-15,April,2023,Q2,Saturday,Cookies,152,137,10,1237.01,2055,817.99,39.8
2023-04-15,April,2023,Q2,Saturday,Bread,90,82,6,1120.4,1804,683.6,37.89
2023-04-15,April,2023,Q2,Saturday,Rusk,113,101,8,644.14,1212,567.86,46.85
2023-04-17,April,2023,Q2,Monday,Cookies,128,108,16,1037.04,1620,582.96,35.99
2023-04-17,April,2023,Q2,Monday,Bread,84,74,5,1003.8,1628,624.2,38.34
2023-04-17,April,2023,Q2,Monday,Rusk,97,89,5,581.19,1068,486.81,45.58
2023-04-18,April,2023,Q2,Tuesday,Cookies,130,122,7,1018.31,1830,811.69,44.35
2023-04-18,April,2023,Q2,Tuesday,Bread,75,67,5,936.76,1474,537.24,36.45
2023-04-18,April,2023,Q2,Tuesday,Rusk,99,86,9,609.48,1032,422.52,40.94
2023-04-19,April,2023,Q2,Wednesday,Cookies,111,98,10,881.78,1470,588.22,40.01
2023-04-19,April,2023,Q2,Wednesday,Bread,81,67,12,998.19,1474,475.81,32.28
2023-04-19,April,2023,Q2,Wednesday,Rusk,97,83,12,562.84,996,433.16,43.49
2023-04-20,April,2023,Q2,Thursday,Cookies,108,97,7,850.21,1455,604.79,41.57
2023-04-20,April,2023,Q2,Thursday,Bread,80,68,8,999.42,1496,496.58,33.19
2023-04-20,April,2023,Q2,Thursday,Rusk,100,87,10,573.01,1044,470.99,45.11
2023-04-21,April,2023,Q2,Friday,Cookies,130,114,13,1033.57,1710,676.43,39.56
2023-04-21,April,2023,Q2,Friday,Bread,102,94,6,1165.86,2068,902.14,43.62
2023-04-21,April,2023,Q2,Friday,Rusk,118,109,8,676.11,1308,631.89,48.31
2023-04-22,April,2023,Q2,Saturday,Cookies,150,136,9,1213.0,2040,827.0,40.54
2023-04-22,April,2023,Q2,Saturday,Bread,91,84,6,1078.87,1848,769.13,41.62
2023-04-22,April,2023,Q2,Saturday,Rusk,127,112,11,781.11,1344,562.89,41.88
2023-04-24,April,2023,Q2,Monday,Cookies,111,94,14,864.64,1410,545.36,38.68
2023-04-24,April,2023,Q2,Monday,Bread,82,73,8,1026.23,1606,579.77,36.1
2023-04-24,April,2023,Q2,Monday,Rusk,97,89,5,554.01,1068,513.99,48.13
2023-04-25,April,2023,Q2,Tuesday,Cookies,127,114,13,1043.96,1710,666.04,38.95
2023-04-25,April,2023,Q2,Tuesday,Bread,75,67,6,857.71,1474,616.29,41.81
2023-04-25,April,2023,Q2,Tuesday,Rusk,109,92,12,682.33,1104,421.67,38.19
2023-04-26,April,2023,Q2,Wednesday,Cookies,114,99,12,928.28,1485,556.72,37.49
2023-04-26,April,2023,Q2,Wednesday,Bread,77,62,10,965.32,1364,398.68,29.23
2023-04-26,April,2023,Q2,Wednesday,Rusk,107,91,13,627.71,1092,464.29,42.52
2023-04-27,April,2023,Q2,Thursday,Cookies,114,95,16,867.34,1425,557.66,39.13
2023-04-27,April,2023,Q2,Thursday,Bread,83,68,10,1008.22,1496,487.78,32.61
2023-04-27,April,2023,Q2,Thursday,Rusk,109,96,8,643.53,1152,508.47,44.14
2023-04-28,April,2023,Q2,Friday,Cookies,131,118,12,1022.96,1770,747.04,42.21
2023-04-28,April,2023,Q2,Friday,Bread,92,77,12,1152.08,1694,541.92,31.99
2023-04-28,April,2023,Q2,Friday,Rusk,112,103,9,700.8,1236,535.2,43.3
2023-04-29,April,2023,Q2,Saturday,Cookies,131,123,7,1012.66,1845,832.34,45.11
2023-04-29,April,2023,Q2,Saturday,Bread,97,87,6,1218.48,1914,695.52,36.34
2023-04-29,April,2023,Q2,Saturday,Rusk,118,103,11,690.06,1236,545.94,44.17
2023-05-01,May,2023,Q2,Monday,Cookies,95,82,11,779.09,1230,450.91,36.66
2023-05-01,May,2023,Q2,Monday,Bread,67,60,7,836.51,1320,483.49,36.63
2023-05-01,May,2023,Q2,Monday,Rusk,85,72,10,487.34,864,376.66,43.59
2023-05-02,May,2023,Q2,Tuesday,Cookies,86,80,6,699.25,1200,500.75,41.73
2023-05-02,May,2023,Q2,Tuesday,Bread,62,53,5,772.61,1166,393.39,33.74
2023-05-02,May,2023,Q2,Tuesday,Rusk,86,71,12,506.4,852,345.6,40.56
2023-05-03,May,2023,Q2,Wednesday,Cookies,99,92,7,767.5,1380,612.5,44.38
2023-05-03,May,2023,Q2,Wednesday,Bread,59,50,4,703.04,1100,396.96,36.09
2023-05-03,May,2023,Q2,Wednesday,Rusk,85,79,5,521.98,948,426.02,44.94
2023-05-04,May,2023,Q2,Thursday,Cookies,96,86,7,767.45,1290,522.55,40.51
2023-05-04,May,2023,Q2,Thursday,Bread,61,50,6,727.16,1100,372.84,33.89
2023-05-04,May,2023,Q2,Thursday,Rusk,74,69,4,446.07,828,381.93,46.13
2023-05-05,May,2023,Q2,Friday,Cookies,124,114,10,1015.11,1710,694.89,40.64
2023-05-05,May,2023,Q2,Friday,Bread,79,65,11,978.43,1430,451.57,31.58
2023-05-05,May,2023,Q2,Friday,Rusk,97,84,11,605.19,1008,402.81,39.96
2023-05-06,May,2023,Q2,Saturday,Cookies,112,101,9,852.17,1515,662.83,43.75
2023-05-06,May,2023,Q2,Saturday,Bread,81,67,10,933.55,1474,540.45,36.67
2023-05-06,May,2023,Q2,Saturday,Rusk,97,83,9,559.81,996,436.19,43.79
2023-05-08,May,2023,Q2,Monday,Cookies,105,95,7,803.65,1425,621.35,43.6
2023-05-08,May,2023,Q2,Monday,Bread,65,52,8,743.53,1144,400.47,35.01
2023-05-08,May,2023,Q2,Monday,Rusk,82,74,8,472.48,888,415.52,46.79
2023-05-09,May,2023,Q2,Tuesday,Cookies,89,78,9,697.5,1170,472.5,40.38
2023-05-09,May,2023,Q2,Tuesday,Bread,69,55,9,868.04,1210,341.96,28.26
2023-05-09,May,2023,Q2,Tuesday,Rusk,76,61,11,452.86,732,279.14,38.13
2023-05-10,May,2023,Q2,Wednesday,Cookies,93,85,5,710.73,1275,564.27,44.26
2023-05-10,May,2023,Q2,Wednesday,Bread,66,58,6,770.34,1276,505.66,39.63
2023-05-10,May,2023,Q2,Wednesday,Rusk,81,70,6,489.77,840,350.23,41.69
2023-05-11,May,2023,Q2,Thursday,Cookies,93,76,12,767.86,1140,372.14,32.64
2023-05-11,May,2023,Q2,Thursday,Bread,63,55,5,745.61,1210,464.39,38.38
2023-05-11,May,2023,Q2,Thursday,Rusk,84,74,6,489.34,888,398.66,44.89
2023-05-12,May,2023,Q2,Friday,Cookies,105,95,10,838.5,1425,586.5,41.16
2023-05-12,May,2023,Q2,Friday,Bread,82,73,5,972.29,1606,633.71,39.46
2023-05-12,May,2023,Q2,Friday,Rusk,101,88,13,599.01,1056,456.99,43.28
2023-05-13,May,2023,Q2,Saturday,Cookies,114,104,9,951.45,1560,608.55,39.01
2023-05-13,May,2023,Q2,Saturday,Bread,70,55,10,855.44,1210,354.56,29.3
2023-05-13,May,2023,Q2,Saturday,Rusk,96,86,5,574.59,1032,457.41,44.32
2023-05-15,May,2023,Q2,Monday,Cookies,94,86,6,763.76,1290,526.24,40.79
2023-05-15,May,2023,Q2,Monday,Bread,70,62,7,858.04,1364,505.96,37.09
2023-05-15,May,2023,Q2,Monday,Rusk,73,62,6,421.2,744,322.8,43.39
2023-05-16,May,2023,Q2,Tuesday,Cookies,98,84,14,796.68,1260,463.32,36.77
2023-05-16,May,2023,Q2,Tuesday,Bread,58,51,4,699.53,1122,422.47,37.65
2023-05-16,May,2023,Q2,Tuesday,Rusk,78,68,10,482.73,816,333.27,40.84
2023-05-17,May,2023,Q2,Wednesday,Cookies,98,85,8,764.82,1275,510.18,40.01
2023-05-17,May,2023,Q2,Wednesday,Bread,58,49,4,689.96,1078,388.04,36.0
2023-05-17,May,2023,Q2,Wednesday,Rusk,82,73,9,470.85,876,405.15,46.25
2023-05-18,May,2023,Q2,Thursday,Cookies,93,84,6,718.47,1260,541.53,42.98
2023-05-18,May,2023,Q2,Thursday,Bread,68,64,3,809.41,1408,598.59,42.51
2023-05-18,May,2023,Q2,Thursday,Rusk,74,59,10,446.53,708,261.47,36.93
2023-05-19,May,2023,Q2,Friday,Cookies,109,97,10,892.19,1455,562.81,38.68
2023-05-19,May,2023,Q2,Friday,Bread,83,78,5,1034.46,1716,681.54,39.72
2023-05-19,May,2023,Q2,Friday,Rusk,104,90,14,632.45,1080,447.55,41.44
2023-05-20,May,2023,Q2,Saturday,Cookies,118,106,10,967.83,1590,622.17,39.13
2023-05-20,May,2023,Q2,Saturday,Bread,77,68,9,917.39,1496,578.61,38.68
2023-05-20,May,2023,Q2,Saturday,Rusk,100,85,13,578.79,1020,441.21,43.26
2023-05-22,May,2023,Q2,Monday,Cookies,102,90,10,844.12,1350,505.88,37.47
2023-05-22,May,2023,Q2,Monday,Bread,63,56,5,787.38,1232,444.62,36.09
2023-05-22,May,2023,Q2,Monday,Rusk,76,63,10,455.27,756,300.73,39.78
2023-05-23,May,2023,Q2,Tuesday,Cookies,96,88,7,773.61,1320,546.39,41.39
2023-05-23,May,2023,Q2,Tuesday,Bread,61,57,3,715.31,1254,538.69,42.96
2023-05-23,May,2023,Q2,Tuesday,Rusk,72,58,10,452.12,696,243.88,35.04
2023-05-24,May,2023,Q2,Wednesday,Cookies,93,79,11,732.53,1185,452.47,38.18
2023-05-24,May,2023,Q2,Wednesday,Bread,66,54,8,827.38,1188,360.62,30.36
2023-05-24,May,2023,Q2,Wednesday,Rusk,78,63,10,457.05,756,298.95,39.54
2023-05-25,May,2023,Q2,Thursday,Cookies,105,99,5,848.7,1485,636.3,42.85
2023-05-25,May,2023,Q2,Thursday,Bread,66,58,7,761.93,1276,514.07,40.29
2023-05-25,May,2023,Q2,Thursday,Rusk,87,81,5,528.41,972,443.59,45.64
2023-05-26,May,2023,Q2,Friday,Cookies,108,100,8,868.01,1500,631.99,42.13
2023-05-26,May,2023,Q2,Friday,Bread,75,67,4,870.38,1474,603.62,40.95
2023-05-26,May,2023,Q2,Friday,Rusk,94,80,11,586.45,960,373.55,38.91
2023-05-27,May,2023,Q2,Saturday,Cookies,105,92,9,806.42,1380,573.58,41.56
2023-05-27,May,2023,Q2,Saturday,Bread,69,56,8,836.48,1232,395.52,32.1
2023-05-27,May,2023,Q2,Saturday,Rusk,89,82,6,508.57,984,475.43,48.32
2023-05-29,May,2023,Q2,Monday,Cookies,102,84,15,786.25,1260,473.75,37.6
2023-05-29,May,2023,Q2,Monday,Bread,60,48,8,750.71,1056,305.29,28.91
2023-05-29,May,2023,Q2,Monday,Rusk,78,73,4,446.44,876,429.56,49.04
2023-05-30,May,2023,Q2,Tuesday,Cookies,97,88,8,739.42,1320,580.58,43.98
2023-05-30,May,2023,Q2,Tuesday,Bread,65,59,3,802.42,1298,495.58,38.18
2023-05-30,May,2023,Q2,Tuesday,Rusk,76,67,4,460.03,804,343.97,42.78
2023-05-31,May,2023,Q2,Wednesday,Cookies,94,79,13,755.32,1185,429.68,36.26
2023-05-31,May,2023,Q2,Wednesday,Bread,61,51,7,715.27,1122,406.73,36.25
2023-05-31,May,2023,Q2,Wednesday,Rusk,86,77,7,518.57,924,405.43,43.88
2023-06-01,June,2023,Q2,Thursday,Cookies,87,74,8,719.13,1110,390.87,35.21
2023-06-01,June,2023,Q2,Thursday,Bread,67,63,4,781.98,1386,604.02,43.58
2023-06-01,June,2023,Q2,Thursday,Rusk,85,70,12,489.36,840,350.64,41.74
2023-06-02,June,2023,Q2,Friday,Cookies,114,103,9,945.81,1545,599.19,38.78
2023-06-02,June,2023,Q2,Friday,Bread,70,61,4,861.21,1342,480.79,35.83
2023-06-02,June,2023,Q2,Friday,Rusk,87,75,8,518.98,900,381.02,42.34
2023-06-03,June,2023,Q2,Saturday,Cookies,111,101,9,890.66,1515,624.34,41.21
2023-06-03,June,2023,Q2,Saturday,Bread,71,64,7,878.02,1408,529.98,37.64
2023-06-03,June,2023,Q2,Saturday,Rusk,100,91,6,578.95,1092,513.05,46.98
2023-06-05,June,2023,Q2,Monday,Cookies,91,82,7,721.34,1230,508.66,41.35
2023-06-05,June,2023,Q2,Monday,Bread,66,59,3,755.15,1298,542.85,41.82
2023-06-05,June,2023,Q2,Monday,Rusk,78,67,9,453.65,804,350.35,43.58
2023-06-06,June,2023,Q2,Tuesday,Cookies,98,86,7,814.27,1290,475.73,36.88
2023-06-06,June,2023,Q2,Tuesday,Bread,69,61,5,805.64,1342,536.36,39.97
2023-06-06,June,2023,Q2,Tuesday,Rusk,78,68,5,476.07,816,339.93,41.66
2023-06-07,June,2023,Q2,Wednesday,Cookies,102,89,11,842.47,1335,492.53,36.89
2023-06-07,June,2023,Q2,Wednesday,Bread,62,55,4,761.7,1210,448.3,37.05
2023-06-07,June,2023,Q2,Wednesday,Rusk,77,66,9,451.4,792,340.6,43.01
2023-06-08,June,2023,Q2,Thursday,Cookies,87,74,12,672.07,1110,437.93,39.45
2023-06-08,June,2023,Q2,Thursday,Bread,70,57,10,864.68,1254,389.32,31.05
2023-06-08,June,2023,Q2,Thursday,Rusk,82,71,8,510.01,852,341.99,40.14
2023-06-09,June,2023,Q2,Friday,Cookies,110,100,10,890.51,1500,609.49,40.63
2023-06-09,June,2023,Q2,Friday,Bread,75,68,6,884.73,1496,611.27,40.86
2023-06-09,June,2023,Q2,Friday,Rusk,97,81,13,564.63,972,407.37,41.91
2023-06-10,June,2023,Q2,Saturday,Cookies,125,107,14,1032.33,1605,572.67,35.68
2023-06-10,June,2023,Q2,Saturday,Bread,77,66,9,879.3,1452,572.7,39.44
2023-06-10,June,2023,Q2,Saturday,Rusk,102,93,5,635.86,1116,480.14,43.02
2023-06-12,June,2023,Q2,Monday,Cookies,105,95,8,815.67,1425,609.33,42.76
2023-06-12,June,2023,Q2,Monday,Bread,67,57,5,833.39,1254,420.61,33.54
2023-06-12,June,2023,Q2,Monday,Rusk,73,67,4,458.99,804,345.01,42.91
2023-06-13,June,2023,Q2,Tuesday,Cookies,99,86,13,778.09,1290,511.91,39.68
2023-06-13,June,2023,Q2,Tuesday,Bread,66,54,7,800.17,1188,387.83,32.65
2023-06-13,June,2023,Q2,Tuesday,Rusk,82,71,8,488.51,852,363.49,42.66
2023-06-14,June,2023,Q2,Wednesday,Cookies,91,78,11,708.07,1170,461.93,39.48
2023-06-14,June,2023,Q2,Wednesday,Bread,66,62,4,801.93,1364,562.07,41.21
2023-06-14,June,2023,Q2,Wednesday,Rusk,83,74,5,476.09,888,411.91,46.39
2023-06-15,June,2023,Q2,Thursday,Cookies,88,74,9,728.6,1110,381.4,34.36
2023-06-15,June,2023,Q2,Thursday,Bread,58,46,7,684.96,1012,327.04,32.32
2023-06-15,June,2023,Q2,Thursday,Rusk,79,68,11,466.04,816,349.96,42.89
2023-06-16,June,2023,Q2,Friday,Cookies,114,105,5,873.84,1575,701.16,44.52
2023-06-16,June,2023,Q2,Friday,Bread,73,65,3,887.51,1430,542.49,37.94
2023-06-16,June,2023,Q2,Friday,Rusk,94,82,9,545.65,984,438.35,44.55
2023-06-17,June,2023,Q2,Saturday,Cookies,110,96,12,920.95,1440,519.05,36.05
2023-06-17,June,2023,Q2,Saturday,Bread,69,59,9,834.37,1298,463.63,35.72
2023-06-17,June,2023,Q2,Saturday,Rusk,97,84,9,556.94,1008,451.06,44.75
2023-06-19,June,2023,Q2,Monday,Cookies,88,77,9,692.8,1155,462.2,40.02
2023-06-19,June,2023,Q2,Monday,Bread,69,62,6,798.46,1364,565.54,41.46
2023-06-19,June,2023,Q2,Monday,Rusk,83,72,6,499.27,864,364.73,42.21
2023-06-20,June,2023,Q2,Tuesday,Cookies,99,85,13,815.14,1275,459.86,36.07
2023-06-20,June,2023,Q2,Tuesday,Bread,66,55,7,827.32,1210,382.68,31.63
2023-06-20,June,2023,Q2,Tuesday,Rusk,76,71,3,445.6,852,406.4,47.7
2023-06-21,June,2023,Q2,Wednesday,Cookies,90,75,10,729.63,1125,395.37,35.14
2023-06-21,June,2023,Q2,Wednesday,Bread,65,57,3,797.84,1254,456.16,36.38
2023-06-21,June,2023,Q2,Wednesday,Rusk,77,64,8,464.61,768,303.39,39.5
2023-06-22,June,2023,Q2,Thursday,Cookies,92,82,5,706.15,1230,523.85,42.59
2023-06-22,June,2023,Q2,Thursday,Bread,68,58,9,828.22,1276,447.78,35.09
2023-06-22,June,2023,Q2,Thursday,Rusk,73,62,6,448.03,744,295.97,39.78
2023-06-23,June,2023,Q2,Friday,Cookies,121,114,7,919.6,1710,790.4,46.22
2023-06-23,June,2023,Q2,Friday,Bread,80,69,6,936.43,1518,581.57,38.31
2023-06-23,June,2023,Q2,Friday,Rusk,86,73,8,534.12,876,341.88,39.03
2023-06-24,June,2023,Q2,Saturday,Cookies,125,112,13,1001.45,1680,678.55,40.39
2023-06-24,June,2023,Q2,Saturday,Bread,70,61,7,829.92,1342,512.08,38.16
2023-06-24,June,2023,Q2,Saturday,Rusk,98,87,8,572.73,1044,471.27,45.14
2023-06-26,June,2023,Q2,Monday,Cookies,88,81,7,675.6,1215,539.4,44.4
2023-06-26,June,2023,Q2,Monday,Bread,59,47,8,704.04,1034,329.96,31.91
2023-06-26,June,2023,Q2,Monday,Rusk,80,68,10,503.79,816,312.21,38.26
2023-06-27,June,2023,Q2,Tuesday,Cookies,97,80,12,762.57,1200,437.43,36.45
2023-06-27,June,2023,Q2,Tuesday,Bread,61,55,5,744.63,1210,465.37,38.46
2023-06-27,June,2023,Q2,Tuesday,Rusk,82,76,6,473.95,912,438.05,48.03
2023-06-28,June,2023,Q2,Wednesday,Cookies,98,90,6,790.15,1350,559.85,41.47
2023-06-28,June,2023,Q2,Wednesday,Bread,66,57,7,812.07,1254,441.93,35.24
2023-06-28,June,2023,Q2,Wednesday,Rusk,85,72,8,521.74,864,342.26,39.61
2023-06-29,June,2023,Q2,Thursday,Cookies,98,89,6,746.81,1335,588.19,44.06
2023-06-29,June,2023,Q2,Thursday,Bread,61,55,5,740.57,1210,469.43,38.8
2023-06-29,June,2023,Q2,Thursday,Rusk,85,79,5,490.9,948,457.1,48.22
2023-06-30,June,2023,Q2,Friday,Cookies,125,117,7,997.85,1755,757.15,43.14
2023-06-30,June,2023,Q2,Friday,Bread,78,66,8,897.25,1452,554.75,38.21
2023-06-30,June,2023,Q2,Friday,Rusk,87,80,5,526.47,960,433.53,45.16
2023-07-01,July,2023,Q3,Saturday,Cookies,145,131,10,1175.98,1965,789.02,40.15
2023-07-01,July,2023,Q3,Saturday,Bread,102,93,5,1223.77,2046,822.23,40.19
2023-07-01,July,2023,Q3,Saturday,Rusk,124,113,9,729.7,1356,626.3,46.19
2023-07-03,July,2023,Q3,Monday,Cookies,122,104,17,1006.25,1560,553.75,35.5
2023-07-03,July,2023,Q3,Monday,Bread,81,70,9,958.86,1540,581.14,37.74
2023-07-03,July,2023,Q3,Monday,Rusk,102,90,9,593.02,1080,486.98,45.09
2023-07-04,July,2023,Q3,Tuesday,Cookies,124,109,13,977.98,1635,657.02,40.18
2023-07-04,July,2023,Q3,Tuesday,Bread,86,77,4,1012.99,1694,681.01,40.2
2023-07-04,July,2023,Q3,Tuesday,Rusk,91,78,11,557.04,936,378.96,40.49
2023-07-05,July,2023,Q3,Wednesday,Cookies,115,102,13,910.43,1530,619.57,40.49
2023-07-05,July,2023,Q3,Wednesday,Bread,84,73,8,999.16,1606,606.84,37.79
2023-07-05,July,2023,Q3,Wednesday,Rusk,108,100,8,623.4,1200,576.6,48.05
2023-07-06,July,2023,Q3,Thursday,Cookies,122,104,17,964.08,1560,595.92,38.2
2023-07-06,July,2023,Q3,Thursday,Bread,72,65,6,864.51,1430,565.49,39.54
2023-07-06,July,2023,Q3,Thursday,Rusk,93,78,10,585.77,936,350.23,37.42
2023-07-07,July,2023,Q3,Friday,Cookies,142,125,12,1124.72,1875,750.28,40.01
2023-07-07,July,2023,Q3,Friday,Bread,88,71,12,1047.01,1562,514.99,32.97
2023-07-07,July,2023,Q3,Friday,Rusk,117,101,13,697.93,1212,514.07,42.42
2023-07-08,July,2023,Q3,Saturday,Cookies,148,136,8,1221.14,2040,818.86,40.14
2023-07-08,July,2023,Q3,Saturday,Bread,104,91,11,1304.73,2002,697.27,34.83
2023-07-08,July,2023,Q3,Saturday,Rusk,111,101,10,672.78,1212,539.22,44.49
2023-07-10,July,2023,Q3,Monday,Cookies,121,108,10,952.33,1620,667.67,41.21
2023-07-10,July,2023,Q3,Monday,Bread,74,68,6,858.04,1496,637.96,42.64
2023-07-10,July,2023,Q3,Monday,Rusk,104,95,7,596.45,1140,543.55,47.68
2023-07-11,July,2023,Q3,Tuesday,Cookies,121,104,13,1004.0,1560,556.0,35.64
2023-07-11,July,2023,Q3,Tuesday,Bread,81,75,6,1001.45,1650,648.55,39.31
2023-07-11,July,2023,Q3,Tuesday,Rusk,100,92,5,603.95,1104,500.05,45.29
2023-07-12,July,2023,Q3,Wednesday,Cookies,129,116,11,1010.98,1740,729.02,41.9
2023-07-12,July,2023,Q3,Wednesday,Bread,74,65,4,882.03,1430,547.97,38.32
2023-07-12,July,2023,Q3,Wednesday,Rusk,101,91,5,632.64,1092,459.36,42.07
2023-07-13,July,2023,Q3,Thursday,Cookies,126,108,13,1041.11,1620,578.89,35.73
2023-07-13,July,2023,Q3,Thursday,Bread,73,64,7,887.4,1408,520.6,36.97
2023-07-13,July,2023,Q3,Thursday,Rusk,106,89,13,621.82,1068,446.18,41.78
2023-07-14,July,2023,Q3,Friday,Cookies,156,144,9,1294.82,2160,865.18,40.05
2023-07-14,July,2023,Q3,Friday,Bread,105,93,7,1287.98,2046,758.02,37.05
2023-07-14,July,2023,Q3,Friday,Rusk,108,97,9,649.06,1164,514.94,44.24
2023-07-15,July,2023,Q3,Saturday,Cookies,146,126,20,1188.12,1890,701.88,37.14
2023-07-15,July,2023,Q3,Saturday,Bread,95,78,12,1191.36,1716,524.64,30.57
2023-07-15,July,2023,Q3,Saturday,Rusk,108,91,16,621.18,1092,470.82,43.12
2023-07-17,July,2023,Q3,Monday,Cookies,127,115,9,978.63,1725,746.37,43.27
2023-07-17,July,2023,Q3,Monday,Bread,79,70,9,936.71,1540,603.29,39.17
2023-07-17,July,2023,Q3,Monday,Rusk,91,77,10,567.97,924,356.03,38.53
2023-07-18,July,2023,Q3,Tuesday,Cookies,117,105,8,930.63,1575,644.37,40.91
2023-07-18,July,2023,Q3,Tuesday,Bread,72,61,9,892.2,1342,449.8,33.52
2023-07-18,July,2023,Q3,Tuesday,Rusk,101,89,8,624.17,1068,443.83,41.56
2023-07-19,July,2023,Q3,Wednesday,Cookies,121,104,16,980.73,1560,579.27,37.13
2023-07-19,July,2023,Q3,Wednesday,Bread,84,70,9,999.35,1540,540.65,35.11
2023-07-19,July,2023,Q3,Wednesday,Rusk,109,98,11,660.87,1176,515.13,43.8
2023-07-20,July,2023,Q3,Thursday,Cookies,113,96,12,910.47,1440,529.53,36.77
2023-07-20,July,2023,Q3,Thursday,Bread,74,67,4,897.27,1474,576.73,39.13
2023-07-20,July,2023,Q3,Thursday,Rusk,105,90,10,612.79,1080,467.21,43.26
2023-07-21,July,2023,Q3,Friday,Cookies,148,138,8,1177.11,2070,892.89,43.13
2023-07-21,July,2023,Q3,Friday,Bread,89,78,6,1036.2,1716,679.8,39.62
2023-07-21,July,2023,Q3,Friday,Rusk,117,108,6,694.83,1296,601.17,46.39
2023-07-22,July,2023,Q3,Saturday,Cookies,144,130,14,1138.5,1950,811.5,41.62
2023-07-22,July,2023,Q3,Saturday,Bread,102,95,6,1224.7,2090,865.3,41.4
2023-07-22,July,2023,Q3,Saturday,Rusk,109,103,6,658.83,1236,577.17,46.7
2023-07-24,July,2023,Q3,Monday,Cookies,121,105,16,973.6,1575,601.4,38.18
2023-07-24,July,2023,Q3,Monday,Bread,87,81,4,1002.03,1782,779.97,43.77
2023-07-24,July,2023,Q3,Monday,Rusk,90,81,6,542.23,972,429.77,44.22
2023-07-25,July,2023,Q3,Tuesday,Cookies,123,117,6,1027.88,1755,727.12,41.43
2023-07-25,July,2023,Q3,Tuesday,Bread,85,79,6,976.87,1738,761.13,43.79
2023-07-25,July,2023,Q3,Tuesday,Rusk,93,87,5,536.98,1044,507.02,48.57
2023-07-26,July,2023,Q3,Wednesday,Cookies,120,108,8,946.38,1620,673.62,41.58
2023-07-26,July,2023,Q3,Wednesday,Bread,87,76,10,1090.87,1672,581.13,34.76
2023-07-26,July,2023,Q3,Wednesday,Rusk,92,81,8,555.02,972,416.98,42.9
2023-07-27,July,2023,Q3,Thursday,Cookies,109,101,5,886.86,1515,628.14,41.46
2023-07-27,July,2023,Q3,Thursday,Bread,82,73,7,982.98,1606,623.02,38.79
2023-07-27,July,2023,Q3,Thursday,Rusk,98,88,5,578.32,1056,477.68,45.23
2023-07-28,July,2023,Q3,Friday,Cookies,134,121,8,1120.96,1815,694.04,38.24
2023-07-28,July,2023,Q3,Friday,Bread,97,81,11,1142.51,1782,639.49,35.89
2023-07-28,July,2023,Q3,Friday,Rusk,117,105,8,673.71,1260,586.29,46.53
2023-07-29,July,2023,Q3,Saturday,Cookies,134,114,17,1091.03,1710,618.97,36.2
2023-07-29,July,2023,Q3,Saturday,Bread,96,83,9,1200.66,1826,625.34,34.25
2023-07-29,July,2023,Q3,Saturday,Rusk,109,96,8,644.19,1152,507.81,44.08
2023-07-31,July,2023,Q3,Monday,Cookies,126,103,18,981.86,1545,563.14,36.45
2023-07-31,July,2023,Q3,Monday,Bread,85,73,11,991.92,1606,614.08,38.24
2023-07-31,July,2023,Q3,Monday,Rusk,97,86,8,609.83,1032,422.17,40.91
2023-08-01,August,2023,Q3,Tuesday,Cookies,112,93,14,881.14,1395,513.86,36.84
2023-08-01,August,2023,Q3,Tuesday,Bread,83,76,7,1003.8,1672,668.2,39.96
2023-08-01,August,2023,Q3,Tuesday,Rusk,106,90,13,659.3,1080,420.7,38.95
2023-08-02,August,2023,Q3,Wednesday,Cookies,109,93,12,840.61,1395,554.39,39.74
2023-08-02,August,2023,Q3,Wednesday,Bread,78,67,8,926.9,1474,547.1,37.12
2023-08-02,August,2023,Q3,Wednesday,Rusk,100,84,14,578.11,1008,429.89,42.65
2023-08-03,August,2023,Q3,Thursday,Cookies,124,113,11,955.59,1695,739.41,43.62
2023-08-03,August,2023,Q3,Thursday,Bread,74,59,10,921.71,1298,376.29,28.99
2023-08-03,August,2023,Q3,Thursday,Rusk,108,90,16,629.1,1080,450.9,41.75
2023-08-04,August,2023,Q3,Friday,Cookies,139,122,16,1110.2,1830,719.8,39.33
2023-08-04,August,2023,Q3,Friday,Bread,94,83,8,1138.58,1826,687.42,37.65
2023-08-04,August,2023,Q3,Friday,Rusk,121,110,8,723.95,1320,596.05,45.16
2023-08-05,August,2023,Q3,Saturday,Cookies,145,129,15,1126.37,1935,808.63,41.79
2023-08-05,August,2023,Q3,Saturday,Bread,100,93,5,1182.58,2046,863.42,42.2
2023-08-05,August,2023,Q3,Saturday,Rusk,126,113,13,737.94,1356,618.06,45.58
2023-08-07,August,2023,Q3,Monday,Cookies,124,106,13,1021.39,1590,568.61,35.76
2023-08-07,August,2023,Q3,Monday,Bread,83,72,9,994.82,1584,589.18,37.2
2023-08-07,August,2023,Q3,Monday,Rusk,92,81,7,547.53,972,424.47,43.67
2023-08-08,August,2023,Q3,Tuesday,Cookies,122,105,12,955.33,1575,619.67,39.34
2023-08-08,August,2023,Q3,Tuesday,Bread,72,63,7,845.48,1386,540.52,39.0
2023-08-08,August,2023,Q3,Tuesday,Rusk,104,99,5,629.29,1188,558.71,47.03
2023-08-09,August,2023,Q3,Wednesday,Cookies,130,119,8,1037.05,1785,747.95,41.9
2023-08-09,August,2023,Q3,Wednesday,Bread,73,63,8,880.43,1386,505.57,36.48
2023-08-09,August,2023,Q3,Wednesday,Rusk,98,87,10,611.32,1044,432.68,41.44
2023-08-10,August,2023,Q3,Thursday,Cookies,112,107,5,928.41,1605,676.59,42.16
2023-08-10,August,2023,Q3,Thursday,Bread,81,67,11,981.42,1474,492.58,33.42
2023-08-10,August,2023,Q3,Thursday,Rusk,106,97,9,651.89,1164,512.11,44.0
2023-08-11,August,2023,Q3,Friday,Cookies,155,134,16,1200.42,2010,809.58,40.28
2023-08-11,August,2023,Q3,Friday,Bread,91,84,6,1064.36,1848,783.64,42.4
2023-08-11,August,2023,Q3,Friday,Rusk,115,98,12,696.07,1176,479.93,40.81
2023-08-12,August,2023,Q3,Saturday,Cookies,141,121,15,1080.8,1815,734.2,40.45
2023-08-12,August,2023,Q3,Saturday,Bread,88,79,5,1057.91,1738,680.09,39.13
2023-08-12,August,2023,Q3,Saturday,Rusk,113,105,8,671.24,1260,588.76,46.73
2023-08-14,August,2023,Q3,Monday,Cookies,127,121,6,1031.18,1815,783.82,43.19
2023-08-14,August,2023,Q3,Monday,Bread,82,70,10,1026.58,1540,513.42,33.34
2023-08-14,August,2023,Q3,Monday,Rusk,90,84,5,560.85,1008,447.15,44.36
2023-08-15,August,2023,Q3,Tuesday,Cookies,119,106,12,967.52,1590,622.48,39.15
2023-08-15,August,2023,Q3,Tuesday,Bread,82,67,11,1032.9,1474,441.1,29.93
2023-08-15,August,2023,Q3,Tuesday,Rusk,104,95,8,647.7,1140,492.3,43.18
2023-08-16,August,2023,Q3,Wednesday,Cookies,109,102,7,906.65,1530,623.35,40.74
2023-08-16,August,2023,Q3,Wednesday,Bread,76,67,5,879.0,1474,595.0,40.37
2023-08-16,August,2023,Q3,Wednesday,Rusk,107,96,10,653.23,1152,498.77,43.3
2023-08-17,August,2023,Q3,Thursday,Cookies,113,95,14,927.5,1425,497.5,34.91
2023-08-17,August,2023,Q3,Thursday,Bread,77,69,7,897.18,1518,620.82,40.9
2023-08-17,August,2023,Q3,Thursday,Rusk,109,96,12,682.42,1152,469.58,40.76
2023-08-18,August,2023,Q3,Friday,Cookies,138,119,17,1133.35,1785,651.65,36.51
2023-08-18,August,2023,Q3,Friday,Bread,99,84,14,1175.35,1848,672.65,36.4
2023-08-18,August,2023,Q3,Friday,Rusk,111,94,13,681.27,1128,446.73,39.6
2023-08-19,August,2023,Q3,Saturday,Cookies,146,136,10,1168.52,2040,871.48,42.72
2023-08-19,August,2023,Q3,Saturday,Bread,92,82,8,1120.03,1804,683.97,37.91
2023-08-19,August,2023,Q3,Saturday,Rusk,125,115,9,742.9,1380,637.1,46.17
2023-08-21,August,2023,Q3,Monday,Cookies,114,106,7,937.84,1590,652.16,41.02
2023-08-21,August,2023,Q3,Monday,Bread,86,75,7,1057.93,1650,592.07,35.88
2023-08-21,August,2023,Q3,Monday,Rusk,107,91,14,621.64,1092,470.36,43.07
2023-08-22,August,2023,Q3,Tuesday,Cookies,130,118,11,1023.28,1770,746.72,42.19
2023-08-22,August,2023,Q3,Tuesday,Bread,72,65,7,830.22,1430,599.78,41.94
2023-08-22,August,2023,Q3,Tuesday,Rusk,94,82,7,581.42,984,402.58,40.91
2023-08-23,August,2023,Q3,Wednesday,Cookies,129,119,10,1069.02,1785,715.98,40.11
2023-08-23,August,2023,Q3,Wednesday,Bread,85,74,10,983.96,1628,644.04,39.56
2023-08-23,August,2023,Q3,Wednesday,Rusk,103,89,14,629.28,1068,438.72,41.08
2023-08-24,August,2023,Q3,Thursday,Cookies,115,102,11,933.41,1530,596.59,38.99
2023-08-24,August,2023,Q3,Thursday,Bread,80,75,4,941.96,1650,708.04,42.91
2023-08-24,August,2023,Q3,Thursday,Rusk,106,88,14,612.93,1056,443.07,41.96
2023-08-25,August,2023,Q3,Friday,Cookies,157,142,13,1276.39,2130,853.61,40.08
2023-08-25,August,2023,Q3,Friday,Bread,100,87,13,1253.49,1914,660.51,34.51
2023-08-25,August,2023,Q3,Friday,Rusk,115,99,15,664.59,1188,523.41,44.06
2023-08-26,August,2023,Q3,Saturday,Cookies,149,129,18,1213.18,1935,721.82,37.3
2023-08-26,August,2023,Q3,Saturday,Bread,91,79,12,1055.84,1738,682.16,39.25
2023-08-26,August,2023,Q3,Saturday,Rusk,109,95,13,652.4,1140,487.6,42.77
2023-08-28,August,2023,Q3,Monday,Cookies,128,112,11,990.03,1680,689.97,41.07
2023-08-28,August,2023,Q3,Monday,Bread,85,74,8,988.3,1628,639.7,39.29
2023-08-28,August,2023,Q3,Monday,Rusk,104,90,10,630.51,1080,449.49,41.62
2023-08-29,August,2023,Q3,Tuesday,Cookies,119,104,15,983.37,1560,576.63,36.96
2023-08-29,August,2023,Q3,Tuesday,Bread,83,73,5,1029.75,1606,576.25,35.88
2023-08-29,August,2023,Q3,Tuesday,Rusk,103,91,12,609.53,1092,482.47,44.18
2023-08-30,August,2023,Q3,Wednesday,Cookies,129,111,15,992.02,1665,672.98,40.42
2023-08-30,August,2023,Q3,Wednesday,Bread,78,65,10,893.62,1430,536.38,37.51
2023-08-30,August,2023,Q3,Wednesday,Rusk,109,95,12,662.59,1140,477.41,41.88
2023-08-31,August,2023,Q3,Thursday,Cookies,114,102,8,952.32,1530,577.68,37.76
2023-08-31,August,2023,Q3,Thursday,Bread,76,63,9,902.25,1386,483.75,34.9
2023-08-31,August,2023,Q3,Thursday,Rusk,92,88,4,554.44,1056,501.56,47.5
2023-09-01,September,2023,Q3,Friday,Cookies,157,141,13,1238.06,2115,876.94,41.46
2023-09-01,September,2023,Q3,Friday,Bread,93,80,9,1109.38,1760,650.62,36.97
2023-09-01,September,2023,Q3,Friday,Rusk,129,116,12,774.6,1392,617.4,44.35
2023-09-02,September,2023,Q3,Saturday,Cookies,133,110,19,1037.4,1650,612.6,37.13
2023-09-02,September,2023,Q3,Saturday,Bread,87,77,10,1053.96,1694,640.04,37.78
2023-09-02,September,2023,Q3,Saturday,Rusk,117,102,10,722.01,1224,501.99,41.01
2023-09-04,September,2023,Q3,Monday,Cookies,112,93,14,909.33,1395,485.67,34.82
2023-09-04,September,2023,Q3,Monday,Bread,78,67,7,913.22,1474,560.78,38.04
2023-09-04,September,2023,Q3,Monday,Rusk,105,93,10,618.71,1116,497.29,44.56
2023-09-05,September,2023,Q3,Tuesday,Cookies,122,101,18,969.68,1515,545.32,35.99
2023-09-05,September,2023,Q3,Tuesday,Bread,86,74,7,986.05,1628,641.95,39.43
2023-09-05,September,2023,Q3,Tuesday,Rusk,94,86,8,548.19,1032,483.81,46.88
2023-09-06,September,2023,Q3,Wednesday,Cookies,108,93,15,893.71,1395,501.29,35.93
2023-09-06,September,2023,Q3,Wednesday,Bread,83,75,5,958.19,1650,691.81,41.93
2023-09-06,September,2023,Q3,Wednesday,Rusk,91,77,11,569.41,924,354.59,38.38
2023-09-07,September,2023,Q3,Thursday,Cookies,118,108,7,945.17,1620,674.83,41.66
2023-09-07,September,2023,Q3,Thursday,Bread,77,66,6,935.21,1452,516.79,35.59
2023-09-07,September,2023,Q3,Thursday,Rusk,104,98,6,595.02,1176,580.98,49.4
2023-09-08,September,2023,Q3,Friday,Cookies,158,144,11,1207.6,2160,952.4,44.09
2023-09-08,September,2023,Q3,Friday,Bread,90,81,4,1068.32,1782,713.68,40.05
2023-09-08,September,2023,Q3,Friday,Rusk,127,114,10,757.75,1368,610.25,44.61
2023-09-09,September,2023,Q3,Saturday,Cookies,149,134,15,1235.08,2010,774.92,38.55
2023-09-09,September,2023,Q3,Saturday,Bread,103,98,5,1270.37,2156,885.63,41.08
2023-09-09,September,2023,Q3,Saturday,Rusk,119,100,17,712.8,1200,487.2,40.6
2023-09-11,September,2023,Q3,Monday,Cookies,131,111,16,1021.65,1665,643.35,38.64
2023-09-11,September,2023,Q3,Monday,Bread,80,68,11,994.32,1496,501.68,33.53
2023-09-11,September,2023,Q3,Monday,Rusk,91,81,10,537.57,972,434.43,44.69
2023-09-12,September,2023,Q3,Tuesday,Cookies,108,98,9,841.08,1470,628.92,42.78
2023-09-12,September,2023,Q3,Tuesday,Bread,85,76,7,1053.41,1672,618.59,37.0
2023-09-12,September,2023,Q3,Tuesday,Rusk,90,79,7,526.02,948,421.98,44.51
2023-09-13,September,2023,Q3,Wednesday,Cookies,113,102,6,875.72,1530,654.28,42.76
2023-09-13,September,2023,Q3,Wednesday,Bread,80,70,6,952.07,1540,587.93,38.18
2023-09-13,September,2023,Q3,Wednesday,Rusk,97,80,13,605.59,960,354.41,36.92
2023-09-14,September,2023,Q3,Thursday,Cookies,119,105,9,914.57,1575,660.43,41.93
2023-09-14,September,2023,Q3,Thursday,Bread,87,81,4,1022.87,1782,759.13,42.6
2023-09-14,September,2023,Q3,Thursday,Rusk,95,85,7,550.86,1020,469.14,45.99
2023-09-15,September,2023,Q3,Friday,Cookies,152,139,9,1232.4,2085,852.6,40.89
2023-09-15,September,2023,Q3,Friday,Bread,88,79,5,1099.24,1738,638.76,36.75
2023-09-15,September,2023,Q3,Friday,Rusk,112,96,14,675.0,1152,477.0,41.41
2023-09-16,September,2023,Q3,Saturday,Cookies,131,109,19,1021.48,1635,613.52,37.52
2023-09-16,September,2023,Q3,Saturday,Bread,102,92,6,1267.32,2024,756.68,37.39
2023-09-16,September,2023,Q3,Saturday,Rusk,108,94,10,665.46,1128,462.54,41.01
2023-09-18,September,2023,Q3,Monday,Cookies,130,109,18,1073.24,1635,561.76,34.36
2023-09-18,September,2023,Q3,Monday,Bread,86,80,6,1009.73,1760,750.27,42.63
2023-09-18,September,2023,Q3,Monday,Rusk,95,82,8,563.92,984,420.08,42.69
2023-09-19,September,2023,Q3,Tuesday,Cookies,121,114,7,986.51,1710,723.49,42.31
2023-09-19,September,2023,Q3,Tuesday,Bread,74,64,5,888.3,1408,519.7,36.91
2023-09-19,September,2023,Q3,Tuesday,Rusk,105,87,13,639.17,1044,404.83,38.78
2023-09-20,September,2023,Q3,Wednesday,Cookies,111,96,11,851.37,1440,588.63,40.88
2023-09-20,September,2023,Q3,Wednesday,Bread,78,66,7,892.93,1452,559.07,38.5
2023-09-20,September,2023,Q3,Wednesday,Rusk,95,81,13,595.86,972,376.14,38.7
2023-09-21,September,2023,Q3,Thursday,Cookies,116,107,6,898.22,1605,706.78,44.04
2023-09-21,September,2023,Q3,Thursday,Bread,78,64,11,902.42,1408,505.58,35.91
2023-09-21,September,2023,Q3,Thursday,Rusk,105,98,6,660.32,1176,515.68,43.85
2023-09-22,September,2023,Q3,Friday,Cookies,140,120,17,1102.37,1800,697.63,38.76
2023-09-22,September,2023,Q3,Friday,Bread,98,90,6,1134.37,1980,845.63,42.71
2023-09-22,September,2023,Q3,Friday,Rusk,130,109,18,810.22,1308,497.78,38.06
2023-09-23,September,2023,Q3,Saturday,Cookies,147,125,19,1125.32,1875,749.68,39.98
2023-09-23,September,2023,Q3,Saturday,Bread,92,82,7,1118.98,1804,685.02,37.97
2023-09-23,September,2023,Q3,Saturday,Rusk,116,104,7,702.71,1248,545.29,43.69
2023-09-25,September,2023,Q3,Monday,Cookies,127,116,11,978.64,1740,761.36,43.76
2023-09-25,September,2023,Q3,Monday,Bread,75,68,5,881.99,1496,614.01,41.04
2023-09-25,September,2023,Q3,Monday,Rusk,102,88,11,624.0,1056,432.0,40.91
2023-09-26,September,2023,Q3,Tuesday,Cookies,116,99,15,900.54,1485,584.46,39.36
2023-09-26,September,2023,Q3,Tuesday,Bread,79,64,10,917.68,1408,490.32,34.82
2023-09-26,September,2023,Q3,Tuesday,Rusk,92,78,12,543.33,936,392.67,41.95
2023-09-27,September,2023,Q3,Wednesday,Cookies,124,116,6,1010.85,1740,729.15,41.91
2023-09-27,September,2023,Q3,Wednesday,Bread,77,72,4,934.15,1584,649.85,41.03
2023-09-27,September,2023,Q3,Wednesday,Rusk,94,81,8,540.34,972,431.66,44.41
2023-09-28,September,2023,Q3,Thursday,Cookies,111,100,8,851.57,1500,648.43,43.23
2023-09-28,September,2023,Q3,Thursday,Bread,86,82,4,1030.33,1804,773.67,42.89
2023-09-28,September,2023,Q3,Thursday,Rusk,92,85,7,575.52,1020,444.48,43.58
2023-09-29,September,2023,Q3,Friday,Cookies,134,115,19,1040.46,1725,684.54,39.68
2023-09-29,September,2023,Q3,Friday,Bread,100,90,10,1246.14,1980,733.86,37.06
2023-09-29,September,2023,Q3,Friday,Rusk,121,106,12,703.89,1272,568.11,44.66
2023-09-30,September,2023,Q3,Saturday,Cookies,134,116,18,1053.54,1740,686.46,39.45
2023-09-30,September,2023,Q3,Saturday,Bread,93,77,11,1098.01,1694,595.99,35.18
2023-09-30,September,2023,Q3,Saturday,Rusk,130,109,16,787.6,1308,520.4,39.79
2023-10-02,October,2023,Q4,Monday,Cookies,129,120,7,1006.93,1800,793.07,44.06
2023-10-02,October,2023,Q4,Monday,Bread,79,73,5,971.12,1606,634.88,39.53
2023-10-02,October,2023,Q4,Monday,Rusk,108,95,9,637.77,1140,502.23,44.06
2023-10-03,October,2023,Q4,Tuesday,Cookies,131,119,12,1046.85,1785,738.15,41.35
2023-10-03,October,2023,Q4,Tuesday,Bread,77,63,10,930.37,1386,455.63,32.87
2023-10-03,October,2023,Q4,Tuesday,Rusk,105,88,13,620.04,1056,435.96,41.28
2023-10-04,October,2023,Q4,Wednesday,Cookies,118,99,15,931.09,1485,553.91,37.3
2023-10-04,October,2023,Q4,Wednesday,Bread,84,70,12,1020.42,1540,519.58,33.74
2023-10-04,October,2023,Q4,Wednesday,Rusk,104,86,13,645.53,1032,386.47,37.45
2023-10-05,October,2023,Q4,Thursday,Cookies,117,111,6,926.82,1665,738.18,44.34
2023-10-05,October,2023,Q4,Thursday,Bread,82,72,7,1008.5,1584,575.5,36.33
2023-10-05,October,2023,Q4,Thursday,Rusk,97,84,11,563.75,1008,444.25,44.07
2023-10-06,October,2023,Q4,Friday,Cookies,151,131,15,1172.25,1965,792.75,40.34
2023-10-06,October,2023,Q4,Friday,Bread,92,78,11,1102.08,1716,613.92,35.78
2023-10-06,October,2023,Q4,Friday,Rusk,113,92,16,692.59,1104,411.41,37.27
2023-10-07,October,2023,Q4,Saturday,Cookies,157,143,14,1252.87,2145,892.13,41.59
2023-10-07,October,2023,Q4,Saturday,Bread,103,91,10,1261.62,2002,740.38,36.98
2023-10-07,October,2023,Q4,Saturday,Rusk,114,100,10,658.24,1200,541.76,45.15
2023-10-09,October,2023,Q4,Monday,Cookies,112,105,5,854.72,1575,720.28,45.73
2023-10-09,October,2023,Q4,Monday,Bread,87,79,6,1061.05,1738,676.95,38.95
2023-10-09,October,2023,Q4,Monday,Rusk,106,95,11,613.94,1140,526.06,46.15
2023-10-10,October,2023,Q4,Tuesday,Cookies,125,108,13,1023.13,1620,596.87,36.84
2023-10-10,October,2023,Q4,Tuesday,Bread,84,68,12,1015.42,1496,480.58,32.12
2023-10-10,October,2023,Q4,Tuesday,Rusk,96,84,11,551.14,1008,456.86,45.32
2023-10-11,October,2023,Q4,Wednesday,Cookies,129,121,7,1014.23,1815,800.77,44.12
2023-10-11,October,2023,Q4,Wednesday,Bread,85,71,9,1009.15,1562,552.85,35.39
2023-10-11,October,2023,Q4,Wednesday,Rusk,99,83,13,584.5,996,411.5,41.32
2023-10-12,October,2023,Q4,Thursday,Cookies,128,120,7,1052.34,1800,747.66,41.54
2023-10-12,October,2023,Q4,Thursday,Bread,85,80,5,1012.9,1760,747.1,42.45
2023-10-12,October,2023,Q4,Thursday,Rusk,93,80,11,559.97,960,400.03,41.67
2023-10-13,October,2023,Q4,Friday,Cookies,147,133,10,1142.1,1995,852.9,42.75
2023-10-13,October,2023,Q4,Friday,Bread,87,78,7,1050.24,1716,665.76,38.8
2023-10-13,October,2023,Q4,Friday,Rusk,128,114,14,763.04,1368,604.96,44.22
2023-10-14,October,2023,Q4,Saturday,Cookies,157,136,19,1310.03,2040,729.97,35.78
2023-10-14,October,2023,Q4,Saturday,Bread,96,85,7,1100.49,1870,769.51,41.15
2023-10-14,October,2023,Q4,Saturday,Rusk,125,117,7,735.21,1404,668.79,47.63
2023-10-16,October,2023,Q4,Monday,Cookies,120,105,12,969.66,1575,605.34,38.43
2023-10-16,October,2023,Q4,Monday,Bread,74,64,6,898.41,1408,509.59,36.19
2023-10-16,October,2023,Q4,Monday,Rusk,109,92,13,681.64,1104,422.36,38.26
2023-10-17,October,2023,Q4,Tuesday,Cookies,126,109,13,976.96,1635,658.04,40.25
2023-10-17,October,2023,Q4,Tuesday,Bread,82,68,9,994.08,1496,501.92,33.55
2023-10-17,October,2023,Q4,Tuesday,Rusk,99,84,10,584.17,1008,423.83,42.05
2023-10-18,October,2023,Q4,Wednesday,Cookies,120,108,8,989.3,1620,630.7,38.93
2023-10-18,October,2023,Q4,Wednesday,Bread,74,70,4,882.34,1540,657.66,42.71
2023-10-18,October,2023,Q4,Wednesday,Rusk,103,90,9,604.2,1080,475.8,44.06
2023-10-19,October,2023,Q4,Thursday,Cookies,121,106,10,1009.9,1590,580.1,36.48
2023-10-19,October,2023,Q4,Thursday,Bread,86,73,8,1014.24,1606,591.76,36.85
2023-10-19,October,2023,Q4,Thursday,Rusk,104,97,5,622.43,1164,541.57,46.53
2023-10-20,October,2023,Q4,Friday,Cookies,139,120,19,1057.73,1800,742.27,41.24
2023-10-20,October,2023,Q4,Friday,Bread,97,84,12,1162.26,1848,685.74,37.11
2023-10-20,October,2023,Q4,Friday,Rusk,110,92,16,661.19,1104,442.81,40.11
2023-10-21,October,2023,Q4,Saturday,Cookies,147,132,10,1174.06,1980,805.94,40.7
2023-10-21,October,2023,Q4,Saturday,Bread,94,87,5,1083.57,1914,830.43,43.39
2023-10-21,October,2023,Q4,Saturday,Rusk,128,117,9,744.57,1404,659.43,46.97
2023-10-23,October,2023,Q4,Monday,Cookies,120,103,15,917.95,1545,627.05,40.59
2023-10-23,October,2023,Q4,Monday,Bread,81,76,5,926.94,1672,745.06,44.56
2023-10-23,October,2023,Q4,Monday,Rusk,91,78,12,525.14,936,410.86,43.9
2023-10-24,October,2023,Q4,Tuesday,Cookies,109,98,10,902.0,1470,568.0,38.64
2023-10-24,October,2023,Q4,Tuesday,Bread,76,65,7,870.04,1430,559.96,39.16
2023-10-24,October,2023,Q4,Tuesday,Rusk,98,83,10,592.17,996,403.83,40.55
2023-10-25,October,2023,Q4,Wednesday,Cookies,115,103,9,883.81,1545,661.19,42.8
2023-10-25,October,2023,Q4,Wednesday,Bread,77,73,4,948.63,1606,657.37,40.93
2023-10-25,October,2023,Q4,Wednesday,Rusk,109,92,16,677.88,1104,426.12,38.6
2023-10-26,October,2023,Q4,Thursday,Cookies,122,103,14,955.04,1545,589.96,38.19
2023-10-26,October,2023,Q4,Thursday,Bread,82,70,7,982.23,1540,557.77,36.22
2023-10-26,October,2023,Q4,Thursday,Rusk,105,97,8,618.54,1164,545.46,46.86
2023-10-27,October,2023,Q4,Friday,Cookies,156,148,8,1246.21,2220,973.79,43.86
2023-10-27,October,2023,Q4,Friday,Bread,103,87,11,1241.74,1914,672.26,35.12
2023-10-27,October,2023,Q4,Friday,Rusk,113,100,9,701.87,1200,498.13,41.51
2023-10-28,October,2023,Q4,Saturday,Cookies,145,130,14,1113.55,1950,836.45,42.89
2023-10-28,October,2023,Q4,Saturday,Bread,86,71,12,1019.3,1562,542.7,34.74
2023-10-28,October,2023,Q4,Saturday,Rusk,122,112,7,745.4,1344,598.6,44.54
2023-10-30,October,2023,Q4,Monday,Cookies,130,114,13,1001.12,1710,708.88,41.45
2023-10-30,October,2023,Q4,Monday,Bread,81,69,10,962.9,1518,555.1,36.57
2023-10-30,October,2023,Q4,Monday,Rusk,107,94,12,667.63,1128,460.37,40.81
2023-10-31,October,2023,Q4,Tuesday,Cookies,122,113,7,957.43,1695,737.57,43.51
2023-10-31,October,2023,Q4,Tuesday,Bread,75,63,10,923.44,1386,462.56,33.37
2023-10-31,October,2023,Q4,Tuesday,Rusk,103,90,8,598.47,1080,481.53,44.59
2023-11-01,November,2023,Q4,Wednesday,Cookies,170,152,16,1322.71,2280,957.29,41.99
2023-11-01,November,2023,Q4,Wednesday,Bread,110,101,5,1297.05,2222,924.95,41.63
2023-11-01,November,2023,Q4,Wednesday,Rusk,134,122,8,842.97,1464,621.03,42.42
2023-11-02,November,2023,Q4,Thursday,Cookies,152,143,9,1179.95,2145,965.05,44.99
2023-11-02,November,2023,Q4,Thursday,Bread,113,103,10,1364.87,2266,901.13,39.77
2023-11-02,November,2023,Q4,Thursday,Rusk,122,115,6,728.03,1380,651.97,47.24
2023-11-03,November,2023,Q4,Friday,Cookies,206,177,28,1579.89,2655,1075.11,40.49
2023-11-03,November,2023,Q4,Friday,Bread,130,108,18,1542.52,2376,833.48,35.08
2023-11-03,November,2023,Q4,Friday,Rusk,172,162,10,1076.93,1944,867.07,44.6
2023-11-04,November,2023,Q4,Saturday,Cookies,204,170,29,1660.82,2550,889.18,34.87
2023-11-04,November,2023,Q4,Saturday,Bread,126,108,18,1478.07,2376,897.93,37.79
2023-11-04,November,2023,Q4,Saturday,Rusk,156,136,18,960.83,1632,671.17,41.13
2023-11-06,November,2023,Q4,Monday,Cookies,175,160,12,1441.72,2400,958.28,39.93
2023-11-06,November,2023,Q4,Monday,Bread,113,102,6,1340.71,2244,903.29,40.25
2023-11-06,November,2023,Q4,Monday,Rusk,129,116,10,811.38,1392,580.62,41.71
2023-11-07,November,2023,Q4,Tuesday,Cookies,166,143,20,1391.29,2145,753.71,35.14
2023-11-07,November,2023,Q4,Tuesday,Bread,105,88,13,1251.75,1936,684.25,35.34
2023-11-07,November,2023,Q4,Tuesday,Rusk,144,132,9,902.68,1584,681.32,43.01
2023-11-08,November,2023,Q4,Wednesday,Cookies,152,137,12,1247.15,2055,807.85,39.31
2023-11-08,November,2023,Q4,Wednesday,Bread,105,92,11,1253.02,2024,770.98,38.09
2023-11-08,November,2023,Q4,Wednesday,Rusk,141,130,10,808.65,1560,751.35,48.16
2023-11-09,November,2023,Q4,Thursday,Cookies,155,136,15,1198.83,2040,841.17,41.23
2023-11-09,November,2023,Q4,Thursday,Bread,104,95,9,1192.76,2090,897.24,42.93
2023-11-09,November,2023,Q4,Thursday,Rusk,137,117,18,793.37,1404,610.63,43.49
2023-11-10,November,2023,Q4,Friday,Cookies,198,172,23,1571.22,2580,1008.78,39.1
2023-11-10,November,2023,Q4,Friday,Bread,134,122,12,1608.75,2684,1075.25,40.06
2023-11-10,November,2023,Q4,Friday,Rusk,146,127,17,890.13,1524,633.87,41.59
2023-11-11,November,2023,Q4,Saturday,Cookies,176,156,15,1475.45,2340,864.55,36.95
2023-11-11,November,2023,Q4,Saturday,Bread,127,110,12,1586.47,2420,833.53,34.44
2023-11-11,November,2023,Q4,Saturday,Rusk,169,147,18,1044.2,1764,719.8,40.8
2023-11-13,November,2023,Q4,Monday,Cookies,173,154,16,1380.55,2310,929.45,40.24
2023-11-13,November,2023,Q4,Monday,Bread,105,86,15,1284.84,1892,607.16,32.09
2023-11-13,November,2023,Q4,Monday,Rusk,123,102,16,736.57,1224,487.43,39.82
2023-11-14,November,2023,Q4,Tuesday,Cookies,148,131,15,1174.19,1965,790.81,40.24
2023-11-14,November,2023,Q4,Tuesday,Bread,116,108,8,1437.44,2376,938.56,39.5
2023-11-14,November,2023,Q4,Tuesday,Rusk,136,128,7,854.5,1536,681.5,44.37
2023-11-15,November,2023,Q4,Wednesday,Cookies,162,147,12,1292.04,2205,912.96,41.4
2023-11-15,November,2023,Q4,Wednesday,Bread,115,102,9,1337.59,2244,906.41,40.39
2023-11-15,November,2023,Q4,Wednesday,Rusk,124,115,9,764.84,1380,615.16,44.58
2023-11-16,November,2023,Q4,Thursday,Cookies,161,150,11,1245.0,2250,1005.0,44.67
2023-11-16,November,2023,Q4,Thursday,Bread,104,89,14,1228.41,1958,729.59,37.26
2023-11-16,November,2023,Q4,Thursday,Rusk,148,132,14,859.51,1584,724.49,45.74
2023-11-17,November,2023,Q4,Friday,Cookies,209,188,20,1707.06,2820,1112.94,39.47
2023-11-17,November,2023,Q4,Friday,Bread,142,134,7,1635.28,2948,1312.72,44.53
2023-11-17,November,2023,Q4,Friday,Rusk,169,154,13,981.99,1848,866.01,46.86
2023-11-18,November,2023,Q4,Saturday,Cookies,176,165,9,1446.65,2475,1028.35,41.55
2023-11-18,November,2023,Q4,Saturday,Bread,120,107,11,1455.25,2354,898.75,38.18
2023-11-18,November,2023,Q4,Saturday,Rusk,159,151,8,981.05,1812,830.95,45.86
2023-11-20,November,2023,Q4,Monday,Cookies,146,128,18,1213.94,1920,706.06,36.77
2023-11-20,November,2023,Q4,Monday,Bread,106,93,10,1269.07,2046,776.93,37.97
2023-11-20,November,2023,Q4,Monday,Rusk,132,109,18,823.2,1308,484.8,37.06
2023-11-21,November,2023,Q4,Tuesday,Cookies,156,136,17,1301.28,2040,738.72,36.21
2023-11-21,November,2023,Q4,Tuesday,Bread,117,105,11,1397.38,2310,912.62,39.51
2023-11-21,November,2023,Q4,Tuesday,Rusk,129,110,18,746.35,1320,573.65,43.46
2023-11-22,November,2023,Q4,Wednesday,Cookies,164,149,12,1283.01,2235,951.99,42.59
2023-11-22,November,2023,Q4,Wednesday,Bread,105,86,15,1203.93,1892,688.07,36.37
2023-11-22,November,2023,Q4,Wednesday,Rusk,137,125,7,793.6,1500,706.4,47.09
2023-11-23,November,2023,Q4,Thursday,Cookies,160,143,16,1249.13,2145,895.87,41.77
2023-11-23,November,2023,Q4,Thursday,Bread,104,94,6,1223.44,2068,844.56,40.84
2023-11-23,November,2023,Q4,Thursday,Rusk,147,122,21,867.44,1464,596.56,40.75
2023-11-24,November,2023,Q4,Friday,Cookies,197,165,27,1498.17,2475,976.83,39.47
2023-11-24,November,2023,Q4,Friday,Bread,137,116,19,1576.81,2552,975.19,38.21
2023-11-24,November,2023,Q4,Friday,Rusk,151,129,22,909.4,1548,638.6,41.25
2023-11-25,November,2023,Q4,Saturday,Cookies,175,159,13,1392.99,2385,992.01,41.59
2023-11-25,November,2023,Q4,Saturday,Bread,134,113,16,1687.66,2486,798.34,32.11
2023-11-25,November,2023,Q4,Saturday,Rusk,155,139,16,933.1,1668,734.9,44.06
2023-11-27,November,2023,Q4,Monday,Cookies,158,145,10,1324.35,2175,850.65,39.11
2023-11-27,November,2023,Q4,Monday,Bread,115,104,11,1394.25,2288,893.75,39.06
2023-11-27,November,2023,Q4,Monday,Rusk,127,111,13,776.86,1332,555.14,41.68
2023-11-28,November,2023,Q4,Tuesday,Cookies,162,138,24,1310.43,2070,759.57,36.69
2023-11-28,November,2023,Q4,Tuesday,Bread,105,90,13,1218.48,1980,761.52,38.46
2023-11-28,November,2023,Q4,Tuesday,Rusk,131,116,11,780.64,1392,611.36,43.92
2023-11-29,November,2023,Q4,Wednesday,Cookies,171,152,16,1408.22,2280,871.78,38.24
2023-11-29,November,2023,Q4,Wednesday,Bread,109,96,9,1348.55,2112,763.45,36.15
2023-11-29,November,2023,Q4,Wednesday,Rusk,127,115,9,762.34,1380,617.66,44.76
2023-11-30,November,2023,Q4,Thursday,Cookies,154,142,7,1250.27,2130,879.73,41.3
2023-11-30,November,2023,Q4,Thursday,Bread,108,93,10,1356.52,2046,689.48,33.7
2023-11-30,November,2023,Q4,Thursday,Rusk,136,115,18,786.58,1380,593.42,43.0
2023-12-01,December,2023,Q4,Friday,Cookies,197,169,26,1589.1,2535,945.9,37.31
2023-12-01,December,2023,Q4,Friday,Bread,135,124,11,1553.98,2728,1174.02,43.04
2023-12-01,December,2023,Q4,Friday,Rusk,160,143,14,995.24,1716,720.76,42.0
2023-12-02,December,2023,Q4,Saturday,Cookies,184,158,26,1539.44,2370,830.56,35.04
2023-12-02,December,2023,Q4,Saturday,Bread,123,111,10,1534.38,2442,907.62,37.17
2023-12-02,December,2023,Q4,Saturday,Rusk,177,160,16,1042.99,1920,877.01,45.68
2023-12-04,December,2023,Q4,Monday,Cookies,162,139,19,1266.64,2085,818.36,39.25
2023-12-04,December,2023,Q4,Monday,Bread,113,104,6,1294.88,2288,993.12,43.41
2023-12-04,December,2023,Q4,Monday,Rusk,131,115,11,771.51,1380,608.49,44.09
2023-12-05,December,2023,Q4,Tuesday,Cookies,161,146,13,1248.36,2190,941.64,43.0
2023-12-05,December,2023,Q4,Tuesday,Bread,103,88,15,1225.01,1936,710.99,36.72
2023-12-05,December,2023,Q4,Tuesday,Rusk,133,116,14,836.57,1392,555.43,39.9
2023-12-06,December,2023,Q4,Wednesday,Cookies,153,135,18,1250.44,2025,774.56,38.25
2023-12-06,December,2023,Q4,Wednesday,Bread,110,103,6,1343.35,2266,922.65,40.72
2023-12-06,December,2023,Q4,Wednesday,Rusk,123,107,13,755.68,1284,528.32,41.15
2023-12-07,December,2023,Q4,Thursday,Cookies,152,128,20,1158.89,1920,761.11,39.64
2023-12-07,December,2023,Q4,Thursday,Bread,115,101,11,1341.03,2222,880.97,39.65
2023-12-07,December,2023,Q4,Thursday,Rusk,125,103,18,717.95,1236,518.05,41.91
2023-12-08,December,2023,Q4,Friday,Cookies,182,167,15,1473.51,2505,1031.49,41.18
2023-12-08,December,2023,Q4,Friday,Bread,130,119,8,1527.2,2618,1090.8,41.67
2023-12-08,December,2023,Q4,Friday,Rusk,153,141,10,909.84,1692,782.16,46.23
2023-12-09,December,2023,Q4,Saturday,Cookies,202,183,14,1594.46,2745,1150.54,41.91
2023-12-09,December,2023,Q4,Saturday,Bread,126,106,18,1580.75,2332,751.25,32.21
2023-12-09,December,2023,Q4,Saturday,Rusk,171,158,12,981.68,1896,914.32,48.22
2023-12-11,December,2023,Q4,Monday,Cookies,156,143,11,1248.74,2145,896.26,41.78
2023-12-11,December,2023,Q4,Monday,Bread,113,97,15,1402.76,2134,731.24,34.27
2023-12-11,December,2023,Q4,Monday,Rusk,131,116,15,771.29,1392,620.71,44.59
2023-12-12,December,2023,Q4,Tuesday,Cookies,147,126,17,1118.36,1890,771.64,40.83
2023-12-12,December,2023,Q4,Tuesday,Bread,106,93,8,1296.6,2046,749.4,36.63
2023-12-12,December,2023,Q4,Tuesday,Rusk,142,131,11,878.55,1572,693.45,44.11
2023-12-13,December,2023,Q4,Wednesday,Cookies,155,137,14,1268.15,2055,786.85,38.29
2023-12-13,December,2023,Q4,Wednesday,Bread,112,92,16,1307.06,2024,716.94,35.42
2023-12-13,December,2023,Q4,Wednesday,Rusk,139,123,15,868.62,1476,607.38,41.15
2023-12-14,December,2023,Q4,Thursday,Cookies,150,130,18,1208.19,1950,741.81,38.04
2023-12-14,December,2023,Q4,Thursday,Bread,103,91,10,1215.45,2002,786.55,39.29
2023-12-14,December,2023,Q4,Thursday,Rusk,137,113,19,827.7,1356,528.3,38.96
2023-12-15,December,2023,Q4,Friday,Cookies,199,174,20,1520.55,2610,1089.45,41.74
2023-12-15,December,2023,Q4,Friday,Bread,122,109,12,1436.22,2398,961.78,40.11
2023-12-15,December,2023,Q4,Friday,Rusk,151,135,15,889.95,1620,730.05,45.06
2023-12-16,December,2023,Q4,Saturday,Cookies,184,167,17,1418.02,2505,1086.98,43.39
2023-12-16,December,2023,Q4,Saturday,Bread,140,120,19,1714.88,2640,925.12,35.04
2023-12-16,December,2023,Q4,Saturday,Rusk,149,128,19,921.53,1536,614.47,40.0
2023-12-18,December,2023,Q4,Monday,Cookies,170,159,10,1379.57,2385,1005.43,42.16
2023-12-18,December,2023,Q4,Monday,Bread,115,102,12,1400.2,2244,843.8,37.6
2023-12-18,December,2023,Q4,Monday,Rusk,133,116,13,760.84,1392,631.16,45.34
2023-12-19,December,2023,Q4,Tuesday,Cookies,166,156,9,1319.37,2340,1020.63,43.62
2023-12-19,December,2023,Q4,Tuesday,Bread,103,88,10,1190.69,1936,745.31,38.5
2023-12-19,December,2023,Q4,Tuesday,Rusk,140,122,18,811.72,1464,652.28,44.55
2023-12-20,December,2023,Q4,Wednesday,Cookies,149,139,9,1236.95,2085,848.05,40.67
2023-12-20,December,2023,Q4,Wednesday,Bread,108,93,10,1245.03,2046,800.97,39.15
2023-12-20,December,2023,Q4,Wednesday,Rusk,139,117,19,861.37,1404,542.63,38.65
2023-12-21,December,2023,Q4,Thursday,Cookies,166,154,9,1276.53,2310,1033.47,44.74
2023-12-21,December,2023,Q4,Thursday,Bread,98,87,7,1133.15,1914,780.85,40.8
2023-12-21,December,2023,Q4,Thursday,Rusk,128,113,11,802.02,1356,553.98,40.85
2023-12-22,December,2023,Q4,Friday,Cookies,198,169,26,1617.32,2535,917.68,36.2
2023-12-22,December,2023,Q4,Friday,Bread,119,100,14,1395.88,2200,804.12,36.55
2023-12-22,December,2023,Q4,Friday,Rusk,166,149,13,1045.57,1788,742.43,41.52
2023-12-23,December,2023,Q4,Saturday,Cookies,185,166,14,1543.74,2490,946.26,38.0
2023-12-23,December,2023,Q4,Saturday,Bread,117,98,14,1435.64,2156,720.36,33.41
2023-12-23,December,2023,Q4,Saturday,Rusk,172,143,25,1081.08,1716,634.92,37.0
2023-12-25,December,2023,Q4,Monday,Cookies,147,126,19,1193.21,1890,696.79,36.87
2023-12-25,December,2023,Q4,Monday,Bread,111,100,6,1352.0,2200,848.0,38.55
2023-12-25,December,2023,Q4,Monday,Rusk,148,126,20,882.59,1512,629.41,41.63
2023-12-26,December,2023,Q4,Tuesday,Cookies,147,134,12,1214.38,2010,795.62,39.58
2023-12-26,December,2023,Q4,Tuesday,Bread,112,99,10,1284.21,2178,893.79,41.04
2023-12-26,December,2023,Q4,Tuesday,Rusk,133,121,12,832.2,1452,619.8,42.69
2023-12-27,December,2023,Q4,Wednesday,Cookies,166,150,13,1331.36,2250,918.64,40.83
2023-12-27,December,2023,Q4,Wednesday,Bread,98,81,14,1159.54,1782,622.46,34.93
2023-12-27,December,2023,Q4,Wednesday,Rusk,134,118,11,818.67,1416,597.33,42.18
2023-12-28,December,2023,Q4,Thursday,Cookies,167,145,20,1305.02,2175,869.98,40.0
2023-12-28,December,2023,Q4,Thursday,Bread,104,96,6,1267.41,2112,844.59,39.99
2023-12-28,December,2023,Q4,Thursday,Rusk,122,105,13,759.06,1260,500.94,39.76
2023-12-29,December,2023,Q4,Friday,Cookies,209,190,19,1665.2,2850,1184.8,41.57
2023-12-29,December,2023,Q4,Friday,Bread,118,103,13,1461.49,2266,804.51,35.5
2023-12-29,December,2023,Q4,Friday,Rusk,153,135,14,949.11,1620,670.89,41.41
2023-12-30,December,2023,Q4,Saturday,Cookies,209,194,15,1680.46,2910,1229.54,42.25
2023-12-30,December,2023,Q4,Saturday,Bread,121,112,7,1511.69,2464,952.31,38.65
2023-12-30,December,2023,Q4,Saturday,Rusk,172,148,21,985.43,1776,790.57,44.51
